pozycja,artysta,utwór,rok_wydania,youtube_search,youtube_link,youtubeId
2,Lao Che,Wojenka,2019,https://www.youtube.com/results?search_query=Lao%20Che%20Wojenka,https://www.youtube.com/watch?v=o2JUFe9sND4,o2JUFe9sND4
3,Maanam,KRAKOWSKI SPLEEN,1983,https://www.youtube.com/results?search_query=Maanam%20KRAKOWSKI%20SPLEEN,https://www.youtube.com/watch?v=BqUpUtaS9VY,BqUpUtaS9VY
4,Kult,ARAHJA,2010,https://www.youtube.com/results?search_query=Kult%20ARAHJA,https://www.youtube.com/watch?v=_vw2K0AgFF0,_vw2K0AgFF0
5,1,Obywatel G.C.,,https://www.youtube.com/results?search_query=1%20Obywatel%20G.C.,https://www.youtube.com/watch?v=cSjk6phf3iY,cSjk6phf3iY
6,Czesław Niemen,DZIWNY JEST TEN ŚWIAT,,https://www.youtube.com/results?search_query=Czes%C5%82aw%20Niemen%20DZIWNY%20JEST%20TEN%20%C5%9AWIAT,https://www.youtube.com/watch?v=wTjLZwpmufw,wTjLZwpmufw
7,Perfect,AUTOBIOGRAFIA,2005,https://www.youtube.com/results?search_query=Perfect%20AUTOBIOGRAFIA,https://www.youtube.com/watch?v=1n0MupX-7AM,1n0MupX-7AM
8,Zbigniew Wodecki,LUBIĘ WRACAĆ TAM GDZIE BYŁEM,1999,https://www.youtube.com/results?search_query=Zbigniew%20Wodecki%20LUBI%C4%98%20WRACA%C4%86%20TAM%20GDZIE%20BY%C5%81EM,https://www.youtube.com/watch?v=6LyC_6n0ZHg,6LyC_6n0ZHg
9,Kult,POLSKA,2001,https://www.youtube.com/results?search_query=Kult%20POLSKA,https://www.youtube.com/watch?v=x3kicEsx7g0,x3kicEsx7g0
10,W górę,178,,https://www.youtube.com/results?search_query=W%20g%C3%B3r%C4%99%20178,https://www.youtube.com/watch?v=-bz0uqr23U0,-bz0uqr23U0
11,Sztywny Pal Azji,"WIEŻA RADOŚCI, WIEŻA SAMOTNOŚCI",1999,https://www.youtube.com/results?search_query=Sztywny%20Pal%20Azji%20WIE%C5%BBA%20RADO%C5%9ACI%2C%20WIE%C5%BBA%20SAMOTNO%C5%9ACI,https://www.youtube.com/watch?v=8igBzhNflNg,8igBzhNflNg
12,Kazik,12 GROSZY,1997,https://www.youtube.com/results?search_query=Kazik%2012%20GROSZY,https://www.youtube.com/watch?v=UAaW1BUSPP8,UAaW1BUSPP8
13,Dżem,LIST DO M.,1991,https://www.youtube.com/results?search_query=D%C5%BCem%20LIST%20DO%20M.,https://www.youtube.com/watch?v=K1vi90JYhnE,K1vi90JYhnE
14,Marek Grechuta & Anawa,"DNI, KTÓRYCH NIE ZNAMY",1974,https://www.youtube.com/results?search_query=Marek%20Grechuta%20%26%20Anawa%20DNI%2C%20KT%C3%93RYCH%20NIE%20ZNAMY,https://www.youtube.com/watch?v=tNnzUZSDNf0,tNnzUZSDNf0
15,Republika,BIAŁA FLAGA,1993,https://www.youtube.com/results?search_query=Republika%20BIA%C5%81A%20FLAGA,https://www.youtube.com/watch?v=IyBnzCJJx_g,IyBnzCJJx_g
16,Martyna Jakubowicz,W DOMACH Z BETONU NIE MA WOLNEJ MIŁOŚCI,1984,https://www.youtube.com/results?search_query=Martyna%20Jakubowicz%20W%20DOMACH%20Z%20BETONU%20NIE%20MA%20WOLNEJ%20MI%C5%81O%C5%9ACI,https://www.youtube.com/watch?v=a8_mZadP0G8,a8_mZadP0G8
17,Fisz Emade Tworzywo,"OK, BOOMER!",2021,https://www.youtube.com/results?search_query=Fisz%20Emade%20Tworzywo%20OK%2C%20BOOMER%21,https://www.youtube.com/watch?v=znDuxOGE08Q,znDuxOGE08Q
18,Męskie Granie Orkiestra 2021,"I CIEBIE TEŻ, BARDZO",,https://www.youtube.com/results?search_query=M%C4%99skie%20Granie%20Orkiestra%202021%20I%20CIEBIE%20TE%C5%BB%2C%20BARDZO,https://www.youtube.com/watch?v=czkYm-XJRks,czkYm-XJRks
19,Chłopcy z Placu Broni,KOCHAM WOLNOŚĆ,1990,https://www.youtube.com/results?search_query=Ch%C5%82opcy%20z%20Placu%20Broni%20KOCHAM%20WOLNO%C5%9A%C4%86,https://www.youtube.com/watch?v=nYMiNuJJyYM,nYMiNuJJyYM
20,Aya RL,SKÓRA,,https://www.youtube.com/results?search_query=Aya%20RL%20SK%C3%93RA,https://www.youtube.com/watch?v=1cFzJUX99Ck,1cFzJUX99Ck
21,Kaśka Sochacka,Niebo było różowe,2021,https://www.youtube.com/results?search_query=Ka%C5%9Bka%20Sochacka%20Niebo%20by%C5%82o%20r%C3%B3%C5%BCowe,https://www.youtube.com/watch?v=iHDJ_xfW26Y,iHDJ_xfW26Y
22,Daab,W MOIM OGRODZIE,2007,https://www.youtube.com/results?search_query=Daab%20W%20MOIM%20OGRODZIE,https://www.youtube.com/watch?v=qKAz9zlk6Xw,qKAz9zlk6Xw
23,Edmund Fetting,NIM WSTANIE DZIEŃ (Z FILMU PRAWO I PIĘŚĆ),,https://www.youtube.com/results?search_query=Edmund%20Fetting%20NIM%20WSTANIE%20DZIE%C5%83%20%28Z%20FILMU%20%22PRAWO%20I%20PI%C4%98%C5%9A%C4%86%22%29,https://www.youtube.com/watch?v=vHeR90RRYyI,vHeR90RRYyI
24,Kobranocka,KOCHAM CIĘ JAK IRLANDIĘ,1999,https://www.youtube.com/results?search_query=Kobranocka%20KOCHAM%20CI%C4%98%20JAK%20IRLANDI%C4%98,https://www.youtube.com/watch?v=eWDgwFCvoPE,eWDgwFCvoPE
25,Czesław Niemen,SEN O WARSZAWIE,1979,https://www.youtube.com/results?search_query=Czes%C5%82aw%20Niemen%20SEN%20O%20WARSZAWIE,https://www.youtube.com/watch?v=ePNUSmH3dMI,ePNUSmH3dMI
26,Rezerwat,ZAOPIEKUJ SIĘ MNĄ,1991,https://www.youtube.com/results?search_query=Rezerwat%20ZAOPIEKUJ%20SI%C4%98%20MN%C4%84,https://www.youtube.com/watch?v=WD7dDfZD1_8,WD7dDfZD1_8
27,Budka Suflera,"JOLKA, JOLKA, PAMIĘTASZ",,https://www.youtube.com/results?search_query=Budka%20Suflera%20JOLKA%2C%20JOLKA%2C%20PAMI%C4%98TASZ,https://www.youtube.com/watch?v=CzXeUWTKiBw,CzXeUWTKiBw
28,Grażyna Łobaszewska,CZAS NAS UCZY POGODY,2000,https://www.youtube.com/results?search_query=Gra%C5%BCyna%20%C5%81obaszewska%20CZAS%20NAS%20UCZY%20POGODY,https://www.youtube.com/watch?v=JL78y0-_ieg,JL78y0-_ieg
29,Hey & Edyta Bartosiewicz,MOJA I TWOJA NADZIEJA,,https://www.youtube.com/results?search_query=Hey%20%26%20Edyta%20Bartosiewicz%20MOJA%20I%20TWOJA%20NADZIEJA,https://www.youtube.com/watch?v=f5hooj3qKM4,f5hooj3qKM4
30,Tadeusz Woźniak,ZEGARMISTRZ ŚWIATŁA,1972,https://www.youtube.com/results?search_query=Tadeusz%20Wo%C5%BAniak%20ZEGARMISTRZ%20%C5%9AWIAT%C5%81A,https://www.youtube.com/watch?v=J8SSEJGr264,J8SSEJGr264
31,Paktofonika,JESTEM BOGIEM,2000,https://www.youtube.com/results?search_query=Paktofonika%20JESTEM%20BOGIEM,https://www.youtube.com/watch?v=u3HeJFr01T0,u3HeJFr01T0
32,Krystyna Prońko,JESTEŚ LEKIEM NA CAŁE ZŁO,1983,https://www.youtube.com/results?search_query=Krystyna%20Pro%C5%84ko%20JESTE%C5%9A%20LEKIEM%20NA%20CA%C5%81E%20Z%C5%81O,https://www.youtube.com/watch?v=HeyX1H3HTVQ,HeyX1H3HTVQ
33,"Raz, Dwa, Trzy",TRUDNO NIE WIERZYĆ W NIC,2003,https://www.youtube.com/results?search_query=Raz%2C%20Dwa%2C%20Trzy%20TRUDNO%20NIE%20WIERZY%C4%86%20W%20NIC,https://www.youtube.com/watch?v=htUpWFD_dVs,htUpWFD_dVs
34,Maanam,KOCHAM CIĘ KOCHANIE MOJE,1999,https://www.youtube.com/results?search_query=Maanam%20KOCHAM%20CI%C4%98%20KOCHANIE%20MOJE,https://www.youtube.com/watch?v=nIncb6Gy2js,nIncb6Gy2js
35,Lao Che,Hydropiekłowstąpienie,2020,https://www.youtube.com/results?search_query=Lao%20Che%20Hydropiek%C5%82owst%C4%85pienie,https://www.youtube.com/watch?v=GbvjscxglfU,GbvjscxglfU
36,Jerzy Stuhr,ŚPIEWAĆ KAŻDY MOŻE,2007,https://www.youtube.com/results?search_query=Jerzy%20Stuhr%20%C5%9APIEWA%C4%86%20KA%C5%BBDY%20MO%C5%BBE,https://www.youtube.com/watch?v=ENvAmLuj5ko,ENvAmLuj5ko
37,Franek Kimono,KING BRUCE LEE KARATE MISTRZ,1991,https://www.youtube.com/results?search_query=Franek%20Kimono%20KING%20BRUCE%20LEE%20KARATE%20MISTRZ,https://www.youtube.com/watch?v=a2Osn1orxko,a2Osn1orxko
38,Hey,TEKSAŃSKI,2007,https://www.youtube.com/results?search_query=Hey%20TEKSA%C5%83SKI,https://www.youtube.com/watch?v=YH12ppOenG8,YH12ppOenG8
39,Obywatel G.C.,"TAK, TAK... TO JA",1993,https://www.youtube.com/results?search_query=Obywatel%20G.C.%20TAK%2C%20TAK...%20TO%20JA,https://www.youtube.com/watch?v=sOrXHaOqLL8,sOrXHaOqLL8
40,Małgorzata Ostrowska,MELUZYNA,2012,https://www.youtube.com/results?search_query=Ma%C5%82gorzata%20Ostrowska%20MELUZYNA,https://www.youtube.com/watch?v=Tfodk95O_rQ,Tfodk95O_rQ
41,Stanisław Soyka,TOLERANCJA / NA MIŁY BÓG,,https://www.youtube.com/results?search_query=Stanis%C5%82aw%20Soyka%20TOLERANCJA%20/%20NA%20MI%C5%81Y%20B%C3%93G,https://www.youtube.com/watch?v=dIonZ_CMWUg,dIonZ_CMWUg
42,Róże Europy i Edyta Bartosiewicz,JEDWAB,,https://www.youtube.com/results?search_query=R%C3%B3%C5%BCe%20Europy%20i%20Edyta%20Bartosiewicz%20JEDWAB,https://www.youtube.com/watch?v=TI7IeujwFdg,TI7IeujwFdg
43,Happysad,Zanim pójdę,2004,https://www.youtube.com/results?search_query=Happysad%20Zanim%20p%C3%B3jd%C4%99,https://www.youtube.com/watch?v=iv9Z0dnjMzE,iv9Z0dnjMzE
44,Lombard,PRZEŻYJ TO SAM,1999,https://www.youtube.com/results?search_query=Lombard%20PRZE%C5%BBYJ%20TO%20SAM,https://www.youtube.com/watch?v=ZeE3wjUbiaA,ZeE3wjUbiaA
45,Turbo,DOROSŁE DZIECI,2010,https://www.youtube.com/results?search_query=Turbo%20DOROS%C5%81E%20DZIECI,https://www.youtube.com/watch?v=AZ5HNcC4Fs8,AZ5HNcC4Fs8
46,Męskie Granie Orkiestra 2018,POCZĄTEK,2018,https://www.youtube.com/results?search_query=M%C4%99skie%20Granie%20Orkiestra%202018%20POCZ%C4%84TEK,https://www.youtube.com/watch?v=QRxH-II0OsA,QRxH-II0OsA
47,Dawid Podsiadło,mori,2022,https://www.youtube.com/results?search_query=Dawid%20Podsiad%C5%82o%20mori,https://www.youtube.com/watch?v=2DiP0mMeaT8,2DiP0mMeaT8
48,Grzegorz Turnau,BRACKA,1995,https://www.youtube.com/results?search_query=Grzegorz%20Turnau%20BRACKA,https://www.youtube.com/watch?v=vhuW6Pvwj4I,vhuW6Pvwj4I
49,Kult,DO ANI,1988,https://www.youtube.com/results?search_query=Kult%20DO%20ANI,https://www.youtube.com/watch?v=VNAmqtRmp28,VNAmqtRmp28
50,Breakout,MODLITWA,1974,https://www.youtube.com/results?search_query=Breakout%20MODLITWA,https://www.youtube.com/watch?v=JlTHsTamdws,JlTHsTamdws
51,KSU,MOJE BIESZCZADY,1993,https://www.youtube.com/results?search_query=KSU%20MOJE%20BIESZCZADY,https://www.youtube.com/watch?v=s0GNkI6VDKc,s0GNkI6VDKc
52,Klaus Mitffoch,JEZU JAK SIĘ CIESZĘ,2005,https://www.youtube.com/results?search_query=Klaus%20Mitffoch%20JEZU%20JAK%20SI%C4%98%20CIESZ%C4%98,https://www.youtube.com/watch?v=iwWbAxQGmKc,iwWbAxQGmKc
53,Spięty,Blue,2023,https://www.youtube.com/results?search_query=Spi%C4%99ty%20Blue,https://www.youtube.com/watch?v=Ksx_CEHQrf8,Ksx_CEHQrf8
54,Dżem,WEHIKUŁ CZASU,1999,https://www.youtube.com/results?search_query=D%C5%BCem%20WEHIKU%C5%81%20CZASU,https://www.youtube.com/watch?v=XWcqFbMUAb4,XWcqFbMUAb4
55,Krystyna Janda,NA ZAKRĘCIE,2002,https://www.youtube.com/results?search_query=Krystyna%20Janda%20NA%20ZAKR%C4%98CIE,https://www.youtube.com/watch?v=WjPwFcSBQZI,WjPwFcSBQZI
56,TSA,51,1997,https://www.youtube.com/results?search_query=TSA%2051,https://www.youtube.com/watch?v=wBBt9XY1BzU,wBBt9XY1BzU
57,Anna Jantar,NIC NIE MOŻE WIECZNIE TRWAĆ,2004,https://www.youtube.com/results?search_query=Anna%20Jantar%20NIC%20NIE%20MO%C5%BBE%20WIECZNIE%20TRWA%C4%86,https://www.youtube.com/watch?v=W3jEcKd3v0U,W3jEcKd3v0U
58,Lombard,SZKLANA POGODA,,https://www.youtube.com/results?search_query=Lombard%20SZKLANA%20POGODA,https://www.youtube.com/watch?v=SCrR7od_fck,SCrR7od_fck
59,Pidżama Porno,"NIKT TAK PIĘKNIE NIE MÓWIŁ, ŻE SIĘ BOI MIŁOŚCI",2022,https://www.youtube.com/results?search_query=Pid%C5%BCama%20Porno%20NIKT%20TAK%20PI%C4%98KNIE%20NIE%20M%C3%93WI%C5%81%2C%20%C5%BBE%20SI%C4%98%20BOI%20MI%C5%81O%C5%9ACI,https://www.youtube.com/watch?v=1YtRuAd7ti4,1YtRuAd7ti4
60,Kult,BARANEK,2010,https://www.youtube.com/results?search_query=Kult%20BARANEK,https://www.youtube.com/watch?v=DqBuIaa2-_s,DqBuIaa2-_s
61,Hurt,ZAŁOGA G,2009,https://www.youtube.com/results?search_query=Hurt%20ZA%C5%81OGA%20G,https://www.youtube.com/watch?v=8tpY2X2wWyQ,8tpY2X2wWyQ
62,Zbigniew Wodecki,ZACZNIJ OD BACHA,1994,https://www.youtube.com/results?search_query=Zbigniew%20Wodecki%20ZACZNIJ%20OD%20BACHA,https://www.youtube.com/watch?v=rDQHzGpwQNk,rDQHzGpwQNk
63,Maanam,CYKADY NA CYKLADACH,2005,https://www.youtube.com/results?search_query=Maanam%20CYKADY%20NA%20CYKLADACH,https://www.youtube.com/watch?v=rynS2XL9I90,rynS2XL9I90
64,T.Love,WARSZAWA,1991,https://www.youtube.com/results?search_query=T.Love%20WARSZAWA,https://www.youtube.com/watch?v=59JGY-K0BeQ,59JGY-K0BeQ
65,Varius Manx,PIOSENKA KSIĘŻYCOWA,2007,https://www.youtube.com/results?search_query=Varius%20Manx%20PIOSENKA%20KSI%C4%98%C5%BBYCOWA,https://www.youtube.com/watch?v=guJ25FxCwmY,guJ25FxCwmY
66,Krystyna Prońko,PSALM STOJĄCYCH W KOLEJCE,1981,https://www.youtube.com/results?search_query=Krystyna%20Pro%C5%84ko%20PSALM%20STOJ%C4%84CYCH%20W%20KOLEJCE,https://www.youtube.com/watch?v=aU-3t8Wav7U,aU-3t8Wav7U
67,Republika,ODCHODZĄC,2002,https://www.youtube.com/results?search_query=Republika%20ODCHODZ%C4%84C,https://www.youtube.com/watch?v=Iioi5LjzZo8,Iioi5LjzZo8
68,Katarzyna Nosowska,JEŚLI WIESZ CO CHCĘ POWIEDZIEĆ,,https://www.youtube.com/results?search_query=Katarzyna%20Nosowska%20JE%C5%9ALI%20WIESZ%20CO%20CHC%C4%98%20POWIEDZIE%C4%86,https://www.youtube.com/watch?v=HPjOaunM2oI,HPjOaunM2oI
69,Perfect,NIE PŁACZ EWKA,1998,https://www.youtube.com/results?search_query=Perfect%20NIE%20P%C5%81ACZ%20EWKA,https://www.youtube.com/watch?v=iuikxnqbOPA,iuikxnqbOPA
70,Andrzej Zaucha,C'EST LA VIE - PARYŻ Z POCZTÓWKI,1996,https://www.youtube.com/results?search_query=Andrzej%20Zaucha%20C%27EST%20LA%20VIE%20-%20PARY%C5%BB%20Z%20POCZT%C3%93WKI,https://www.youtube.com/watch?v=F6hK-DruuTg,F6hK-DruuTg
71,Daria Zawiałow,JESZCZE W ZIELONE GRAMY,,https://www.youtube.com/results?search_query=Daria%20Zawia%C5%82ow%20JESZCZE%20W%20ZIELONE%20GRAMY,https://www.youtube.com/watch?v=_al4F7y95Jo,_al4F7y95Jo
72,Kacperczyk feat. Artur Rojek,Syn okiennika,,https://www.youtube.com/results?search_query=Kacperczyk%20feat.%20Artur%20Rojek%20Syn%20okiennika,https://www.youtube.com/watch?v=s0ML-fzNWyo,s0ML-fzNWyo
73,Coma,Spadam,2004,https://www.youtube.com/results?search_query=Coma%20Spadam,https://www.youtube.com/watch?v=JmKLT59cTIc,JmKLT59cTIc
74,Brygada Kryzys,"TO CO CZUJESZ, TO CO WIESZ",2021,https://www.youtube.com/results?search_query=Brygada%20Kryzys%20TO%20CO%20CZUJESZ%2C%20TO%20CO%20WIESZ,https://www.youtube.com/watch?v=A24RZDoXDds,A24RZDoXDds
75,O.N.A.,KIEDY POWIEM SOBIE DOŚĆ,1999,https://www.youtube.com/results?search_query=O.N.A.%20KIEDY%20POWIEM%20SOBIE%20DO%C5%9A%C4%86,https://www.youtube.com/watch?v=Xm9vi71mWcU,Xm9vi71mWcU
76,Tilt,JESZCZE BĘDZIE PRZEPIĘKNIE,1996,https://www.youtube.com/results?search_query=Tilt%20JESZCZE%20B%C4%98DZIE%20PRZEPI%C4%98KNIE,https://www.youtube.com/watch?v=u8lsknwn-V8,u8lsknwn-V8
77,Artur Andrus,"PIŁEM W SPALE, SPAŁEM W PILE",2012,https://www.youtube.com/results?search_query=Artur%20Andrus%20PI%C5%81EM%20W%20SPALE%2C%20SPA%C5%81EM%20W%20PILE,https://www.youtube.com/watch?v=faHwAc4N00U,faHwAc4N00U
78,Stare Dobre Małżeństwo,BIESZCZADZKIE ANIOŁY,2007,https://www.youtube.com/results?search_query=Stare%20Dobre%20Ma%C5%82%C5%BCe%C5%84stwo%20BIESZCZADZKIE%20ANIO%C5%81Y,https://www.youtube.com/watch?v=1fy3dAEAlao,1fy3dAEAlao
79,De Mono,KOCHAĆ INACZEJ,1990,https://www.youtube.com/results?search_query=De%20Mono%20KOCHA%C4%86%20INACZEJ,https://www.youtube.com/watch?v=PElie5a5q_Y,PElie5a5q_Y
80,Hey,ZAZDROŚĆ,1994,https://www.youtube.com/results?search_query=Hey%20ZAZDRO%C5%9A%C4%86,https://www.youtube.com/watch?v=tF_FgpWdYc4,tF_FgpWdYc4
81,Zbigniew Wodecki with Mitch & Mitch Orchestra And Choir,RZUĆ TO WSZYSTKO CO ZŁE,2015,https://www.youtube.com/results?search_query=Zbigniew%20Wodecki%20with%20Mitch%20%26%20Mitch%20Orchestra%20And%20Choir%20RZU%C4%86%20TO%20WSZYSTKO%20CO%20Z%C5%81E,https://www.youtube.com/watch?v=VUR3kiQytWc,VUR3kiQytWc
82,Edyta Geppert,"OCH ŻYCIE, KOCHAM CIĘ NAD ŻYCIE",1998,https://www.youtube.com/results?search_query=Edyta%20Geppert%20OCH%20%C5%BBYCIE%2C%20KOCHAM%20CI%C4%98%20NAD%20%C5%BBYCIE,https://www.youtube.com/watch?v=5MoTG6x2RLg,5MoTG6x2RLg
83,Breakout,KIEDY BYŁEM MAŁYM CHŁOPCEM,2001,https://www.youtube.com/results?search_query=Breakout%20KIEDY%20BY%C5%81EM%20MA%C5%81YM%20CH%C5%81OPCEM,https://www.youtube.com/watch?v=lWXSUuosxtk,lWXSUuosxtk
84,Edyta Bartosiewicz,OSTATNI,1995,https://www.youtube.com/results?search_query=Edyta%20Bartosiewicz%20OSTATNI,https://www.youtube.com/watch?v=mK3rv4aeEoA,mK3rv4aeEoA
85,Lech Janerka,ROWER,2005,https://www.youtube.com/results?search_query=Lech%20Janerka%20ROWER,https://www.youtube.com/watch?v=htRMp-uCmPU,htRMp-uCmPU
86,Budka Suflera,JEST TAKI SAMOTNY DOM,1975,https://www.youtube.com/results?search_query=Budka%20Suflera%20JEST%20TAKI%20SAMOTNY%20DOM,https://www.youtube.com/watch?v=wT_ObQMSs3U,wT_ObQMSs3U
87,Kwiat Jabłoni,Mogło być nic,2021,https://www.youtube.com/results?search_query=Kwiat%20Jab%C5%82oni%20Mog%C5%82o%20by%C4%87%20nic,https://www.youtube.com/watch?v=MlInnWzYiZo,MlInnWzYiZo
88,Perfect,NIEPOKONANI,1997,https://www.youtube.com/results?search_query=Perfect%20NIEPOKONANI,https://www.youtube.com/watch?v=HZ8qBioPlHE,HZ8qBioPlHE
89,Myslovitz i Marek Grechuta,KRAKÓW,,https://www.youtube.com/results?search_query=Myslovitz%20i%20Marek%20Grechuta%20KRAK%C3%93W,https://www.youtube.com/watch?v=qKV3KATvl74,qKV3KATvl74
90,Dżem,SEN O VICTORII,1994,https://www.youtube.com/results?search_query=D%C5%BCem%20SEN%20O%20VICTORII,https://www.youtube.com/watch?v=wbIP97IQeWI,wbIP97IQeWI
91,Dżem,DO KOŁYSKI,2025,https://www.youtube.com/results?search_query=D%C5%BCem%20DO%20KO%C5%81YSKI,https://www.youtube.com/watch?v=vdZUK85318w,vdZUK85318w
92,Artur Rojek,SYRENY,2014,https://www.youtube.com/results?search_query=Artur%20Rojek%20SYRENY,https://www.youtube.com/watch?v=Zcf9Wu3sy3s,Zcf9Wu3sy3s
93,Hey,LIST,1999,https://www.youtube.com/results?search_query=Hey%20LIST,https://www.youtube.com/watch?v=em1QVrvQiIA,em1QVrvQiIA
94,Lady Pank,ZAWSZE TAM GDZIE TY,2008,https://www.youtube.com/results?search_query=Lady%20Pank%20ZAWSZE%20TAM%20GDZIE%20TY,https://www.youtube.com/watch?v=XQNJI4QqfFk,XQNJI4QqfFk
95,Jacek Kaczmarski,NASZA KLASA,1984,https://www.youtube.com/results?search_query=Jacek%20Kaczmarski%20NASZA%20KLASA,https://www.youtube.com/watch?v=3RFTqGtLz7M,3RFTqGtLz7M
96,Mr. Z'oob,KAWAŁEK PODŁOGI,2007,https://www.youtube.com/results?search_query=Mr.%20Z%27oob%20KAWA%C5%81EK%20POD%C5%81OGI,https://www.youtube.com/watch?v=FayJHHiYYtk,FayJHHiYYtk
97,Kaśka Sochacka,WIŚNIA,2019,https://www.youtube.com/results?search_query=Ka%C5%9Bka%20Sochacka%20WI%C5%9ANIA,https://www.youtube.com/watch?v=gsl69na5ltc,gsl69na5ltc
98,Artur Rojek,BEKSA,2014,https://www.youtube.com/results?search_query=Artur%20Rojek%20BEKSA,https://www.youtube.com/watch?v=AYOis02tujI,AYOis02tujI
99,Strachy na Lachy,"DZIEŃ DOBRY, KOCHAM CIĘ",2005,https://www.youtube.com/results?search_query=Strachy%20na%20Lachy%20DZIE%C5%83%20DOBRY%2C%20KOCHAM%20CI%C4%98,https://www.youtube.com/watch?v=_EdZbopNeS8,_EdZbopNeS8
100,Coma,"Los, cebula i krokodyle łzy",2018,https://www.youtube.com/results?search_query=Coma%20Los%2C%20cebula%20i%20krokodyle%20%C5%82zy,https://www.youtube.com/watch?v=mlC0VDfp7PA,mlC0VDfp7PA
101,Voo Voo,"NIM STANIE SIĘ TAK, JAK GDYBY NIGDY NIC",1991,https://www.youtube.com/results?search_query=Voo%20Voo%20NIM%20STANIE%20SI%C4%98%20TAK%2C%20JAK%20GDYBY%20NIGDY%20NIC,https://www.youtube.com/watch?v=pd1wWfa9BAM,pd1wWfa9BAM
102,Mikromusic,TAK MI SIĘ NIE CHCE,2017,https://www.youtube.com/results?search_query=Mikromusic%20TAK%20MI%20SI%C4%98%20NIE%20CHCE,https://www.youtube.com/watch?v=OwABO_wB2fw,OwABO_wB2fw
103,Chłopcy z Placu Broni,KOCHAM CIĘ,2014,https://www.youtube.com/results?search_query=Ch%C5%82opcy%20z%20Placu%20Broni%20KOCHAM%20CI%C4%98,https://www.youtube.com/watch?v=n7fXVp9YNQw,n7fXVp9YNQw
104,T.Love,KING,1994,https://www.youtube.com/results?search_query=T.Love%20KING,https://www.youtube.com/watch?v=0Fnp5tnZkJg,0Fnp5tnZkJg
105,Bogusław Mec,JEJ PORTRET,1997,https://www.youtube.com/results?search_query=Bogus%C5%82aw%20Mec%20JEJ%20PORTRET,https://www.youtube.com/watch?v=8sI4m8t7YmA,8sI4m8t7YmA
106,Nosowska / Król,Można,2024,https://www.youtube.com/results?search_query=Nosowska%20/%20Kr%C3%B3l%20Mo%C5%BCna,https://www.youtube.com/watch?v=dPdJdIZ2MsQ,dPdJdIZ2MsQ
107,Kazik,TWÓJ BÓL JEST LEPSZY NIŻ MÓJ,2020,https://www.youtube.com/results?search_query=Kazik%20TW%C3%93J%20B%C3%93L%20JEST%20LEPSZY%20NI%C5%BB%20M%C3%93J,https://www.youtube.com/watch?v=o9LzNtpjhV0,o9LzNtpjhV0
108,Luxtorpeda,Autystyczny,2012,https://www.youtube.com/results?search_query=Luxtorpeda%20Autystyczny,https://www.youtube.com/watch?v=-hqbkY1-iLQ,-hqbkY1-iLQ
109,Stan Borys,JASKÓŁKA UWIĘZIONA,1991,https://www.youtube.com/results?search_query=Stan%20Borys%20JASK%C3%93%C5%81KA%20UWI%C4%98ZIONA,https://www.youtube.com/watch?v=pcv7kPXrj0U,pcv7kPXrj0U
110,Jacek Kaczmarski,OBŁAWA,2004,https://www.youtube.com/results?search_query=Jacek%20Kaczmarski%20OB%C5%81AWA,https://www.youtube.com/watch?v=j2WUNkWDsTI,j2WUNkWDsTI
111,"Kaczmarski, Gintrowski, Łapiński",MURY,,https://www.youtube.com/results?search_query=Kaczmarski%2C%20Gintrowski%2C%20%C5%81api%C5%84ski%20MURY,https://www.youtube.com/watch?v=hwD6i9eOiYE,hwD6i9eOiYE
112,2 plus 1,"CHODŹ, POMALUJ MÓJ ŚWIAT",2006,https://www.youtube.com/results?search_query=2%20plus%201%20CHOD%C5%B9%2C%20POMALUJ%20M%C3%93J%20%C5%9AWIAT,https://www.youtube.com/watch?v=3hYjSsmmzJs,3hYjSsmmzJs
113,Stare Dobre Małżeństwo,CZARNY BLUES O CZWARTEJ NAD RANEM,1992,https://www.youtube.com/results?search_query=Stare%20Dobre%20Ma%C5%82%C5%BCe%C5%84stwo%20CZARNY%20BLUES%20O%20CZWARTEJ%20NAD%20RANEM,https://www.youtube.com/watch?v=00dPWx-1DeM,00dPWx-1DeM
114,Dżem,WHISKY,1992,https://www.youtube.com/results?search_query=D%C5%BCem%20WHISKY,https://www.youtube.com/watch?v=Qz4jpBh_UMs,Qz4jpBh_UMs
115,Krzysztof Zalewski,"MIŁOŚĆ, MIŁOŚĆ",2021,https://www.youtube.com/results?search_query=Krzysztof%20Zalewski%20MI%C5%81O%C5%9A%C4%86%2C%20MI%C5%81O%C5%9A%C4%86,https://www.youtube.com/watch?v=IEiRPInizgQ,IEiRPInizgQ
116,Lady Pank,MNIEJ NIŻ ZERO,2003,https://www.youtube.com/results?search_query=Lady%20Pank%20MNIEJ%20NI%C5%BB%20ZERO,https://www.youtube.com/watch?v=Lc-26SnSmok,Lc-26SnSmok
117,Czesław Niemen,WSPOMNIENIE,2005,https://www.youtube.com/results?search_query=Czes%C5%82aw%20Niemen%20WSPOMNIENIE,https://www.youtube.com/watch?v=AIjnVtdS2dc,AIjnVtdS2dc
118,Bajm,CO MI PANIE DASZ,1993,https://www.youtube.com/results?search_query=Bajm%20CO%20MI%20PANIE%20DASZ,https://www.youtube.com/watch?v=RrAn5pGqu_w,RrAn5pGqu_w
119,Marek Biliński,UCIECZKA Z TROPIKU,1998,https://www.youtube.com/results?search_query=Marek%20Bili%C5%84ski%20UCIECZKA%20Z%20TROPIKU,https://www.youtube.com/watch?v=kYK2v-QqE4A,kYK2v-QqE4A
120,Renata Przemyk & Kasia Nosowska,KOCHANA,,https://www.youtube.com/results?search_query=Renata%20Przemyk%20%26%20Kasia%20Nosowska%20KOCHANA,https://www.youtube.com/watch?v=jBMzL62jCGY,jBMzL62jCGY
121,Matylda / Łukasiewicz,Matka,,https://www.youtube.com/results?search_query=Matylda%20/%20%C5%81ukasiewicz%20Matka,https://www.youtube.com/watch?v=Emcpp_-Ur4w,Emcpp_-Ur4w
122,Republika,TELEFONY,2002,https://www.youtube.com/results?search_query=Republika%20TELEFONY,https://www.youtube.com/watch?v=qEXyPSBYbMA,qEXyPSBYbMA
123,Budka Suflera,CIEŃ WIELKIEJ GÓRY,1999,https://www.youtube.com/results?search_query=Budka%20Suflera%20CIE%C5%83%20WIELKIEJ%20G%C3%93RY,https://www.youtube.com/watch?v=-Yryq4DytYY,-Yryq4DytYY
124,Wojciech Młynarski,JESZCZE W ZIELONE GRAMY,2000,https://www.youtube.com/results?search_query=Wojciech%20M%C5%82ynarski%20JESZCZE%20W%20ZIELONE%20GRAMY,https://www.youtube.com/watch?v=TniEe4ay_0Y,TniEe4ay_0Y
125,Grzegorz Turnau,NAPRAWDĘ NIE DZIEJE SIĘ NIC,2011,https://www.youtube.com/results?search_query=Grzegorz%20Turnau%20NAPRAWD%C4%98%20NIE%20DZIEJE%20SI%C4%98%20NIC,https://www.youtube.com/watch?v=-qJkAosmEZM,-qJkAosmEZM
126,Czesław Niemen,POD PAPUGAMI,,https://www.youtube.com/results?search_query=Czes%C5%82aw%20Niemen%20POD%20PAPUGAMI,https://www.youtube.com/watch?v=ePwwMgrPMW8,ePwwMgrPMW8
127,Urszula,"DMUCHAWCE, LATAWCE, WIATR",2004,https://www.youtube.com/results?search_query=Urszula%20DMUCHAWCE%2C%20LATAWCE%2C%20WIATR,https://www.youtube.com/watch?v=SmJD-yU48wM,SmJD-yU48wM
128,Perfect,CHCEMY BYĆ SOBĄ,1991,https://www.youtube.com/results?search_query=Perfect%20CHCEMY%20BY%C4%86%20SOB%C4%84,https://www.youtube.com/watch?v=PtteA5qw3E0,PtteA5qw3E0
129,Tilt,MÓWIĘ CI ŻE,2010,https://www.youtube.com/results?search_query=Tilt%20M%C3%93WI%C4%98%20CI%20%C5%BBE,https://www.youtube.com/watch?v=_kmYJXd2d5s,_kmYJXd2d5s
130,Republika,ZAPYTAJ MNIE CZY CIĘ KOCHAM,2007,https://www.youtube.com/results?search_query=Republika%20ZAPYTAJ%20MNIE%20CZY%20CI%C4%98%20KOCHAM,https://www.youtube.com/watch?v=IyBnzCJJx_g,IyBnzCJJx_g
131,Taco Hemingway,Następna stacja,2015,https://www.youtube.com/results?search_query=Taco%20Hemingway%20Nast%C4%99pna%20stacja,https://www.youtube.com/watch?v=TZgBIbqtDnQ,TZgBIbqtDnQ
132,Ewa Bem,SERCE TO JEST MUZYK,2001,https://www.youtube.com/results?search_query=Ewa%20Bem%20SERCE%20TO%20JEST%20MUZYK,https://www.youtube.com/watch?v=TFcMAlXZDzk,TFcMAlXZDzk
133,Izabela Trojanowska,WSZYSTKO CZEGO DZIŚ CHCĘ,1999,https://www.youtube.com/results?search_query=Izabela%20Trojanowska%20WSZYSTKO%20CZEGO%20DZI%C5%9A%20CHC%C4%98,https://www.youtube.com/watch?v=olkNnmhMj7Y,olkNnmhMj7Y
134,Budka Suflera,NOC KOMETY,2000,https://www.youtube.com/results?search_query=Budka%20Suflera%20NOC%20KOMETY,https://www.youtube.com/watch?v=ueB0rsmoJKo,ueB0rsmoJKo
135,Blenders,CIĄGNIK,1996,https://www.youtube.com/results?search_query=Blenders%20CI%C4%84GNIK,https://www.youtube.com/watch?v=eP5wNDeGqLk,eP5wNDeGqLk
136,Daria ze Śląska,Kill Bill,2023,https://www.youtube.com/results?search_query=Daria%20ze%20%C5%9Al%C4%85ska%20Kill%20Bill,https://www.youtube.com/watch?v=sfFn9JZjDbA,sfFn9JZjDbA
137,Wodecki/Pater feat. Wiktor Waligóra,Nad wszystko uśmiech Twój,,https://www.youtube.com/results?search_query=Wodecki/Pater%20feat.%20Wiktor%20Walig%C3%B3ra%20Nad%20wszystko%20u%C5%9Bmiech%20Tw%C3%B3j,https://www.youtube.com/watch?v=MdFU5xyO4kk,MdFU5xyO4kk
138,Budka Suflera,SEN O DOLINIE,1994,https://www.youtube.com/results?search_query=Budka%20Suflera%20SEN%20O%20DOLINIE,https://www.youtube.com/watch?v=55JjDp6ksY4,55JjDp6ksY4
139,Lady Pank,MARCHEWKOWE POLE,1995,https://www.youtube.com/results?search_query=Lady%20Pank%20MARCHEWKOWE%20POLE,https://www.youtube.com/watch?v=8unEo4tdVVQ,8unEo4tdVVQ
140,Lady Pank,KRYZYSOWA NARZECZONA,1995,https://www.youtube.com/results?search_query=Lady%20Pank%20KRYZYSOWA%20NARZECZONA,https://www.youtube.com/watch?v=o71HQWqi68U,o71HQWqi68U
141,Kaliber 44,PLUS I MINUS,,https://www.youtube.com/results?search_query=Kaliber%2044%20PLUS%20I%20MINUS,https://www.youtube.com/watch?v=7iiANZvz8Tg,7iiANZvz8Tg
142,Elektryczne Gitary,DZIECI,1993,https://www.youtube.com/results?search_query=Elektryczne%20Gitary%20DZIECI,https://www.youtube.com/watch?v=q4EM1jSg92k,q4EM1jSg92k
143,Alicja Majewska,ODKRYJEMY MIŁOŚĆ NIEZNANĄ,1999,https://www.youtube.com/results?search_query=Alicja%20Majewska%20ODKRYJEMY%20MI%C5%81O%C5%9A%C4%86%20NIEZNAN%C4%84,https://www.youtube.com/watch?v=reEHRU-GktU,reEHRU-GktU
144,Edyta Bartosiewicz,SEN,1994,https://www.youtube.com/results?search_query=Edyta%20Bartosiewicz%20SEN,https://www.youtube.com/watch?v=sVAZjaAJufE,sVAZjaAJufE
145,Myslovitz,CHCIAŁBYM UMRZEĆ Z MIŁOŚCI,2002,https://www.youtube.com/results?search_query=Myslovitz%20CHCIA%C5%81BYM%20UMRZE%C4%86%20Z%20MI%C5%81O%C5%9ACI,https://www.youtube.com/watch?v=CIxl2iIYadI,CIxl2iIYadI
146,Kobranocka,I NIKOMU NIE WOLNO SIĘ Z TEGO ŚMIAĆ,1992,https://www.youtube.com/results?search_query=Kobranocka%20I%20NIKOMU%20NIE%20WOLNO%20SI%C4%98%20Z%20TEGO%20%C5%9AMIA%C4%86,https://www.youtube.com/watch?v=oDlX9zszEmI,oDlX9zszEmI
147,Marek Grechuta & Anawa,KOROWÓD,1970,https://www.youtube.com/results?search_query=Marek%20Grechuta%20%26%20Anawa%20KOROW%C3%93D,https://www.youtube.com/watch?v=vrZKEvEen0M,vrZKEvEen0M
148,Maryla Rodowicz,NIECH ŻYJE BAL,2008,https://www.youtube.com/results?search_query=Maryla%20Rodowicz%20NIECH%20%C5%BBYJE%20BAL,https://www.youtube.com/watch?v=oHSsMI6UjAU,oHSsMI6UjAU
149,Dawid Podsiadło,Nieznajomy,2021,https://www.youtube.com/results?search_query=Dawid%20Podsiad%C5%82o%20Nieznajomy,https://www.youtube.com/watch?v=g4UDeQTjMYk,g4UDeQTjMYk
150,Grzegorz Turnau,MIĘDZY CISZĄ A CISZĄ,2009,https://www.youtube.com/results?search_query=Grzegorz%20Turnau%20MI%C4%98DZY%20CISZ%C4%84%20A%20CISZ%C4%84,https://www.youtube.com/watch?v=igige1xjij8,igige1xjij8
151,Maanam,BOSKIE BUENOS,1990,https://www.youtube.com/results?search_query=Maanam%20BOSKIE%20BUENOS,https://www.youtube.com/watch?v=YdE2CRrmXek,YdE2CRrmXek
152,IRA,NADZIEJA,2005,https://www.youtube.com/results?search_query=IRA%20NADZIEJA,https://www.youtube.com/watch?v=BS6uKBxsGAI,BS6uKBxsGAI
153,Krzysztof Komeda,ROSEMARY'S BABY,2010,https://www.youtube.com/results?search_query=Krzysztof%20Komeda%20ROSEMARY%27S%20BABY,https://www.youtube.com/watch?v=rKNv0q3xXpY,rKNv0q3xXpY
154,Kult,"HEJ, CZY NIE WIECIE",2020,https://www.youtube.com/results?search_query=Kult%20HEJ%2C%20CZY%20NIE%20WIECIE,https://www.youtube.com/watch?v=L1CxZeSJdfo,L1CxZeSJdfo
155,Kazik,SPALAM SIĘ,1991,https://www.youtube.com/results?search_query=Kazik%20SPALAM%20SI%C4%98,https://www.youtube.com/watch?v=ErxGIj0I_c8,ErxGIj0I_c8
156,Lady Pank,SZTUKA LATANIA,1997,https://www.youtube.com/results?search_query=Lady%20Pank%20SZTUKA%20LATANIA,https://www.youtube.com/watch?v=viTC3vkKOkk,viTC3vkKOkk
157,Bez zmian,12,,https://www.youtube.com/results?search_query=Bez%20zmian%2012,https://www.youtube.com/watch?v=YPG_4JNaC5w,YPG_4JNaC5w
158,Kortez,Z imbirem,2015,https://www.youtube.com/results?search_query=Kortez%20Z%20imbirem,https://www.youtube.com/watch?v=zh35F2u2VdI,zh35F2u2VdI
159,Basia Stępniak-Wilk i Grzegorz Turnau,BOMBONIERKA,,https://www.youtube.com/results?search_query=Basia%20St%C4%99pniak-Wilk%20i%20Grzegorz%20Turnau%20BOMBONIERKA,https://www.youtube.com/watch?v=0uuYicF9eUg,0uuYicF9eUg
160,Świetliki i Linda,FILANDIA,2005,https://www.youtube.com/results?search_query=%C5%9Awietliki%20i%20Linda%20FILANDIA,https://www.youtube.com/watch?v=FCo7Wn7Gz6M,FCo7Wn7Gz6M
161,Sosnowski,Pył,2022,https://www.youtube.com/results?search_query=Sosnowski%20Py%C5%82,https://www.youtube.com/watch?v=Alq-VzBLT-8,Alq-VzBLT-8
162,Grzegorz Markowski,BALLADA 07 (Z SERIALU TV 07 ZGŁOŚ SIĘ),,https://www.youtube.com/results?search_query=Grzegorz%20Markowski%20BALLADA%2007%20%28Z%20SERIALU%20TV%20%2207%20ZG%C5%81O%C5%9A%20SI%C4%98%22%29,https://www.youtube.com/watch?v=KGFv0HzJDfI,KGFv0HzJDfI
163,Krzysztof Krawczyk i Edyta Bartosiewicz,TRUDNO TAK (RAZEM BYĆ NAM ZE SOBĄ...),,https://www.youtube.com/results?search_query=Krzysztof%20Krawczyk%20i%20Edyta%20Bartosiewicz%20TRUDNO%20TAK%20%28RAZEM%20BY%C4%86%20NAM%20ZE%20SOB%C4%84...%29,https://www.youtube.com/watch?v=kpUWMl0gLEQ,kpUWMl0gLEQ
164,Kult,Gdy nie ma dzieci,1998,https://www.youtube.com/results?search_query=Kult%20Gdy%20nie%20ma%20dzieci,https://www.youtube.com/watch?v=I8NcELiIMHg,I8NcELiIMHg
165,Grzegorz Turnau,CICHOSZA,1994,https://www.youtube.com/results?search_query=Grzegorz%20Turnau%20CICHOSZA,https://www.youtube.com/watch?v=m98MBACe1xk,m98MBACe1xk
166,Strachy na Lachy,PIŁA TANGO,2005,https://www.youtube.com/results?search_query=Strachy%20na%20Lachy%20PI%C5%81A%20TANGO,https://www.youtube.com/watch?v=nFBBD1Eim1E,nFBBD1Eim1E
167,Zbigniew Wodecki i Zdzisława Sośnicka,Z TOBĄ CHCĘ OGLĄDAĆ ŚWIAT,,https://www.youtube.com/results?search_query=Zbigniew%20Wodecki%20i%20Zdzis%C5%82awa%20So%C5%9Bnicka%20Z%20TOB%C4%84%20CHC%C4%98%20OGL%C4%84DA%C4%86%20%C5%9AWIAT,https://www.youtube.com/watch?v=7BusTxnFRH8,7BusTxnFRH8
168,Akurat,DO PROSTEGO CZŁOWIEKA,2004,https://www.youtube.com/results?search_query=Akurat%20DO%20PROSTEGO%20CZ%C5%81OWIEKA,https://www.youtube.com/watch?v=mJObCsl06j8,mJObCsl06j8
169,Pablopavo i Ludziki,KARWOSKI,2021,https://www.youtube.com/results?search_query=Pablopavo%20i%20Ludziki%20KARWOSKI,https://www.youtube.com/watch?v=hVcgSByaHPA,hVcgSByaHPA
170,Zbigniew Zamachowski i Grupa MoCarta,KOBIETY JAK TE KWIATY,,https://www.youtube.com/results?search_query=Zbigniew%20Zamachowski%20i%20Grupa%20MoCarta%20KOBIETY%20JAK%20TE%20KWIATY,https://www.youtube.com/watch?v=3rX_S9eoV7I,3rX_S9eoV7I
171,Edyta Bartosiewicz,JENNY,1998,https://www.youtube.com/results?search_query=Edyta%20Bartosiewicz%20JENNY,https://www.youtube.com/watch?v=-jaSOrMCbu4,-jaSOrMCbu4
172,Renata Przemyk,BABĘ ZESŁAŁ BÓG,2003,https://www.youtube.com/results?search_query=Renata%20Przemyk%20BAB%C4%98%20ZES%C5%81A%C5%81%20B%C3%93G,https://www.youtube.com/watch?v=hxm20v1KKmk,hxm20v1KKmk
173,Dawid Podsiadło,Małomiasteczkowy,2019,https://www.youtube.com/results?search_query=Dawid%20Podsiad%C5%82o%20Ma%C5%82omiasteczkowy,https://www.youtube.com/watch?v=zfL1I7WpEdk,zfL1I7WpEdk
174,Wilki,ELI LAMA SABACHTANI,1992,https://www.youtube.com/results?search_query=Wilki%20ELI%20LAMA%20SABACHTANI,https://www.youtube.com/watch?v=gOAaBEeUy_I,gOAaBEeUy_I
175,Coma,Leszek Żukowski,2004,https://www.youtube.com/results?search_query=Coma%20Leszek%20%C5%BBukowski,https://www.youtube.com/watch?v=A36Z0OdzcH4,A36Z0OdzcH4
176,Formacja Nieżywych Schabuff,KLUB WESOŁEGO SZAMPANA,,https://www.youtube.com/results?search_query=Formacja%20Nie%C5%BCywych%20Schabuff%20KLUB%20WESO%C5%81EGO%20SZAMPANA,https://www.youtube.com/watch?v=GZQjn9FFfGs,GZQjn9FFfGs
177,Elektryczne Gitary,CZŁOWIEK Z LIŚCIEM,1996,https://www.youtube.com/results?search_query=Elektryczne%20Gitary%20CZ%C5%81OWIEK%20Z%20LI%C5%9ACIEM,https://www.youtube.com/watch?v=6VJV7werPvE,6VJV7werPvE
178,"Raz, Dwa, Trzy",I TAK WARTO ŻYĆ,1996,https://www.youtube.com/results?search_query=Raz%2C%20Dwa%2C%20Trzy%20I%20TAK%20WARTO%20%C5%BBY%C4%86,https://www.youtube.com/watch?v=MnEg3UWWMw4,MnEg3UWWMw4
179,Kombi,SŁODKIEGO MIŁEGO ŻYCIA,2007,https://www.youtube.com/results?search_query=Kombi%20S%C5%81ODKIEGO%20MI%C5%81EGO%20%C5%BBYCIA,https://www.youtube.com/watch?v=YMsQ5izhIDo,YMsQ5izhIDo
180,Akurat,Lubię Mówić z Tobą,2006,https://www.youtube.com/results?search_query=Akurat%20Lubi%C4%99%20M%C3%B3wi%C4%87%20z%20Tob%C4%85,https://www.youtube.com/watch?v=BwBG_H5oYos,BwBG_H5oYos
181,Maanam,LIPSTICK ON THE GLASS,2015,https://www.youtube.com/results?search_query=Maanam%20LIPSTICK%20ON%20THE%20GLASS,https://www.youtube.com/watch?v=5lO4ZOqlqJg,5lO4ZOqlqJg
182,Fisz Emade Tworzywo,Za mało czasu,2021,https://www.youtube.com/results?search_query=Fisz%20Emade%20Tworzywo%20Za%20ma%C5%82o%20czasu,https://www.youtube.com/watch?v=bDpKE-LVCSo,bDpKE-LVCSo
183,Kortez,Zostań,2016,https://www.youtube.com/results?search_query=Kortez%20Zosta%C5%84,https://www.youtube.com/watch?v=bi_huIZikkM,bi_huIZikkM
184,Hanna Banaszak,W MOIM MAGICZNYM DOMU,1998,https://www.youtube.com/results?search_query=Hanna%20Banaszak%20W%20MOIM%20MAGICZNYM%20DOMU,https://www.youtube.com/watch?v=U5iq-cVKuvs,U5iq-cVKuvs
185,Kaśka Sochacka,Madison,2023,https://www.youtube.com/results?search_query=Ka%C5%9Bka%20Sochacka%20Madison,https://www.youtube.com/watch?v=q_-akkOJU8o,q_-akkOJU8o
186,Zdzisława Sośnicka,ALEJA GWIAZD,1987,https://www.youtube.com/results?search_query=Zdzis%C5%82awa%20So%C5%9Bnicka%20ALEJA%20GWIAZD,https://www.youtube.com/watch?v=Ziqujo1O7rw,Ziqujo1O7rw
187,Magda Umer,KONCERT JESIENNY NA DWA ŚWIERSZCZE I WIATR W KOMINIE,1995,https://www.youtube.com/results?search_query=Magda%20Umer%20KONCERT%20JESIENNY%20NA%20DWA%20%C5%9AWIERSZCZE%20I%20WIATR%20W%20KOMINIE,https://www.youtube.com/watch?v=TKDP0d9SJto,TKDP0d9SJto
188,Edyta Geppert,"JAKA RÓŻA, TAKI CIERŃ",1986,https://www.youtube.com/results?search_query=Edyta%20Geppert%20JAKA%20R%C3%93%C5%BBA%2C%20TAKI%20CIER%C5%83,https://www.youtube.com/watch?v=VBzyU0Xxtpk,VBzyU0Xxtpk
189,Banda i Wanda,HI-FI,1984,https://www.youtube.com/results?search_query=Banda%20i%20Wanda%20HI-FI,https://www.youtube.com/watch?v=4-OBu1nHwI4,4-OBu1nHwI4
190,Kazik & Yugoton,MALCZIKI,,https://www.youtube.com/results?search_query=Kazik%20%26%20Yugoton%20MALCZIKI,https://www.youtube.com/watch?v=iNxDj-i-yi8,iNxDj-i-yi8
191,Kult,CELINA,1993,https://www.youtube.com/results?search_query=Kult%20CELINA,https://www.youtube.com/watch?v=AciQQ7clyUg,AciQQ7clyUg
192,Alicja Majewska,JESZCZE SIĘ TAM ŻAGIEL BIELI,2001,https://www.youtube.com/results?search_query=Alicja%20Majewska%20JESZCZE%20SI%C4%98%20TAM%20%C5%BBAGIEL%20BIELI,https://www.youtube.com/watch?v=9un0ZU8HZO8,9un0ZU8HZO8
193,Budka Suflera,ZA OSTATNI GROSZ,1996,https://www.youtube.com/results?search_query=Budka%20Suflera%20ZA%20OSTATNI%20GROSZ,https://www.youtube.com/watch?v=A68cxylSjzk,A68cxylSjzk
194,Maanam,SZAŁ NIEBIESKICH CIAŁ,2000,https://www.youtube.com/results?search_query=Maanam%20SZA%C5%81%20NIEBIESKICH%20CIA%C5%81,https://www.youtube.com/watch?v=QygEd9k6LXg,QygEd9k6LXg
195,Big Cyc,BERLIN ZACHODNI,2008,https://www.youtube.com/results?search_query=Big%20Cyc%20BERLIN%20ZACHODNI,https://www.youtube.com/watch?v=xI5w1kTxUVE,xI5w1kTxUVE
196,Oddział Zamknięty,OBUDŹ SIĘ,1996,https://www.youtube.com/results?search_query=Oddzia%C5%82%20Zamkni%C4%99ty%20OBUD%C5%B9%20SI%C4%98,https://www.youtube.com/watch?v=wFYpOG5Ldbs,wFYpOG5Ldbs
197,Varius Manx,ZANIM ZROZUMIESZ,1994,https://www.youtube.com/results?search_query=Varius%20Manx%20ZANIM%20ZROZUMIESZ,https://www.youtube.com/watch?v=DxWKCvpoPYI,DxWKCvpoPYI
198,Marek Grechuta & Anawa,ŚWIECIE NASZ,1974,https://www.youtube.com/results?search_query=Marek%20Grechuta%20%26%20Anawa%20%C5%9AWIECIE%20NASZ,https://www.youtube.com/watch?v=fhw117j7LLg,fhw117j7LLg
199,Anna Jantar,TYLE SŁOŃCA W CAŁYM MIEŚCIE,2010,https://www.youtube.com/results?search_query=Anna%20Jantar%20TYLE%20S%C5%81O%C5%83CA%20W%20CA%C5%81YM%20MIE%C5%9ACIE,https://www.youtube.com/watch?v=wChFEkCqt5s,wChFEkCqt5s
200,Taco Hemingway,Deszcz na betonie,2016,https://www.youtube.com/results?search_query=Taco%20Hemingway%20Deszcz%20na%20betonie,https://www.youtube.com/watch?v=WsEBnJrPV1w,WsEBnJrPV1w
201,Ania Dąbrowska,"Charlie, Charlie",2004,https://www.youtube.com/results?search_query=Ania%20D%C4%85browska%20Charlie%2C%20Charlie,https://www.youtube.com/watch?v=8BxqLLqv49A,8BxqLLqv49A
202,Lombard,GOŁĘBI PUCH,1996,https://www.youtube.com/results?search_query=Lombard%20GO%C5%81%C4%98BI%20PUCH,https://www.youtube.com/watch?v=0lB31NuCJ44,0lB31NuCJ44
203,Maanam,PO PROSTU BĄDŹ,2015,https://www.youtube.com/results?search_query=Maanam%20PO%20PROSTU%20B%C4%84D%C5%B9,https://www.youtube.com/watch?v=hIlJrDTv2kI,hIlJrDTv2kI
204,Dżamble,WYMYŚLIŁEM CIEBIE,1971,https://www.youtube.com/results?search_query=D%C5%BCamble%20WYMY%C5%9ALI%C5%81EM%20CIEBIE,https://www.youtube.com/watch?v=3Y9OG3LYQyc,3Y9OG3LYQyc
205,Anita Lipnicka,I WSZYSTKO SIĘ MOŻE ZDARZYĆ,2003,https://www.youtube.com/results?search_query=Anita%20Lipnicka%20I%20WSZYSTKO%20SI%C4%98%20MO%C5%BBE%20ZDARZY%C4%86,https://www.youtube.com/watch?v=3YxOZQqNYY8,3YxOZQqNYY8
206,Czerwone Gitary,"PŁONĄ GÓRY, PŁONĄ LASY",1991,https://www.youtube.com/results?search_query=Czerwone%20Gitary%20P%C5%81ON%C4%84%20G%C3%93RY%2C%20P%C5%81ON%C4%84%20LASY,https://www.youtube.com/watch?v=1WlgS-gYMcs,1WlgS-gYMcs
207,Andrzej Kurylewicz,TEMAT SERIALU POLSKIE DROGI,,https://www.youtube.com/results?search_query=Andrzej%20Kurylewicz%20TEMAT%20SERIALU%20%22POLSKIE%20DROGI%22,https://www.youtube.com/watch?v=yYfWa4N0yy8,yYfWa4N0yy8
208,Hey,MIMO WSZYSTKO,2007,https://www.youtube.com/results?search_query=Hey%20MIMO%20WSZYSTKO,https://www.youtube.com/watch?v=r8p9XengWmw,r8p9XengWmw
209,Kortez,HEJ WY,2018,https://www.youtube.com/results?search_query=Kortez%20HEJ%20WY,https://www.youtube.com/watch?v=GcjsvWNS5Ds,GcjsvWNS5Ds
210,Bajm,BIAŁA ARMIA,1990,https://www.youtube.com/results?search_query=Bajm%20BIA%C5%81A%20ARMIA,https://www.youtube.com/watch?v=y2p2glq7dz0,y2p2glq7dz0
211,Perfect,KOŁYSANKA DLA NIEZNAJOMEJ,2000,https://www.youtube.com/results?search_query=Perfect%20KO%C5%81YSANKA%20DLA%20NIEZNAJOMEJ,https://www.youtube.com/watch?v=hHx7qyFufYc,hHx7qyFufYc
212,Myslovitz,CHŁOPCY,2008,https://www.youtube.com/results?search_query=Myslovitz%20CH%C5%81OPCY,https://www.youtube.com/watch?v=4H04sspfKBc,4H04sspfKBc
213,Stare Dobre Małżeństwo,Z NIM BĘDZIESZ SZCZĘŚLIWSZA,1990,https://www.youtube.com/results?search_query=Stare%20Dobre%20Ma%C5%82%C5%BCe%C5%84stwo%20Z%20NIM%20B%C4%98DZIESZ%20SZCZ%C4%98%C5%9ALIWSZA,https://www.youtube.com/watch?v=KsLc59YFABM,KsLc59YFABM
214,Chłopcy z Placu Broni,O! ELA,1999,https://www.youtube.com/results?search_query=Ch%C5%82opcy%20z%20Placu%20Broni%20O%21%20ELA,https://www.youtube.com/watch?v=fYZiakSB7PQ,fYZiakSB7PQ
215,Dżem,CZERWONY JAK CEGŁA,2012,https://www.youtube.com/results?search_query=D%C5%BCem%20CZERWONY%20JAK%20CEG%C5%81A,https://www.youtube.com/watch?v=eZtRqHildg8,eZtRqHildg8
216,Fisz Emade Tworzywo feat. Justyna Święs,ŚLADY,2014,https://www.youtube.com/results?search_query=Fisz%20Emade%20Tworzywo%20feat.%20Justyna%20%C5%9Awi%C4%99s%20%C5%9ALADY,https://www.youtube.com/watch?v=I2eWcmjp680,I2eWcmjp680
217,Kazik na Żywo,Tata dilera,2016,https://www.youtube.com/results?search_query=Kazik%20na%20%C5%BBywo%20Tata%20dilera,https://www.youtube.com/watch?v=LSrg6BnuEDs,LSrg6BnuEDs
218,Seweryn Krajewski,UCIEKAJ MOJE SERCE,1997,https://www.youtube.com/results?search_query=Seweryn%20Krajewski%20UCIEKAJ%20MOJE%20SERCE,https://www.youtube.com/watch?v=Gyk4pEWZddU,Gyk4pEWZddU
219,Fisz Emade Tworzywo,DWA OGNIE,2019,https://www.youtube.com/results?search_query=Fisz%20Emade%20Tworzywo%20DWA%20OGNIE,https://www.youtube.com/watch?v=sygvbGHjcv0,sygvbGHjcv0
220,Myslovitz,SCENARIUSZ DLA MOICH SĄSIADÓW,1997,https://www.youtube.com/results?search_query=Myslovitz%20SCENARIUSZ%20DLA%20MOICH%20S%C4%84SIAD%C3%93W,https://www.youtube.com/watch?v=AbyJ_h4xfRQ,AbyJ_h4xfRQ
221,Bajm,Jezioro szczęścia,2015,https://www.youtube.com/results?search_query=Bajm%20Jezioro%20szcz%C4%99%C5%9Bcia,https://www.youtube.com/watch?v=DveOTb29CgE,DveOTb29CgE
222,Ørganek,MISSISSIPPI W OGNIU,2016,https://www.youtube.com/results?search_query=%C3%98rganek%20MISSISSIPPI%20W%20OGNIU,https://www.youtube.com/watch?v=brCzJ7ygLY8,brCzJ7ygLY8
223,Myslovitz,DLA CIEBIE,2000,https://www.youtube.com/results?search_query=Myslovitz%20DLA%20CIEBIE,https://www.youtube.com/watch?v=SuUZMMhARBA,SuUZMMhARBA
224,Łona x Konieczny x Krupa,Pan Darek,2023,https://www.youtube.com/results?search_query=%C5%81ona%20x%20Konieczny%20x%20Krupa%20Pan%20Darek,https://www.youtube.com/watch?v=zMESUG7yQqQ,zMESUG7yQqQ
225,Golden Life,24.11.94,,https://www.youtube.com/results?search_query=Golden%20Life%2024.11.94,https://www.youtube.com/watch?v=cmwOe81cAgM,cmwOe81cAgM
226,De Mono,STATKI NA NIEBIE,,https://www.youtube.com/results?search_query=De%20Mono%20STATKI%20NA%20NIEBIE,https://www.youtube.com/watch?v=PO9RNqr91MY,PO9RNqr91MY
227,Bluszcz,LAMPARTY,,https://www.youtube.com/results?search_query=Bluszcz%20LAMPARTY,https://www.youtube.com/watch?v=xTrjg5zk1wU,xTrjg5zk1wU
228,Anna Maria Jopek & Pat Metheny,"TAM, GDZIE NIE SIĘGA WZROK",,https://www.youtube.com/results?search_query=Anna%20Maria%20Jopek%20%26%20Pat%20Metheny%20TAM%2C%20GDZIE%20NIE%20SI%C4%98GA%20WZROK,https://www.youtube.com/watch?v=fMj2grBUFfk,fMj2grBUFfk
229,Ørganek,FOTOGRAF BROK,2024,https://www.youtube.com/results?search_query=%C3%98rganek%20FOTOGRAF%20BROK,https://www.youtube.com/watch?v=-dnIIB2z5ds,-dnIIB2z5ds
230,Riverside,Friend Or Foe,2023,https://www.youtube.com/results?search_query=Riverside%20Friend%20Or%20Foe,https://www.youtube.com/watch?v=EWQQFjyHtro,EWQQFjyHtro
231,Halina Frąckowiak,PAPIEROWY KSIĘŻYC,1987,https://www.youtube.com/results?search_query=Halina%20Fr%C4%85ckowiak%20PAPIEROWY%20KSI%C4%98%C5%BBYC,https://www.youtube.com/watch?v=rlkzBab-wjA,rlkzBab-wjA
232,Wilki,SON OF THE BLUE SKY,2002,https://www.youtube.com/results?search_query=Wilki%20SON%20OF%20THE%20BLUE%20SKY,https://www.youtube.com/watch?v=bix1tb6rVeU,bix1tb6rVeU
233,Męskie Granie Orkiestra 2016,WATAHA,2016,https://www.youtube.com/results?search_query=M%C4%99skie%20Granie%20Orkiestra%202016%20WATAHA,https://www.youtube.com/watch?v=K2Zo_LWODuk,K2Zo_LWODuk
234,"Raz, Dwa, Trzy",POD NIEBEM,2005,https://www.youtube.com/results?search_query=Raz%2C%20Dwa%2C%20Trzy%20POD%20NIEBEM,https://www.youtube.com/watch?v=rA1E3Ok1PvM,rA1E3Ok1PvM
235,Maanam,LUCCIOLA,2011,https://www.youtube.com/results?search_query=Maanam%20LUCCIOLA,https://www.youtube.com/watch?v=Nx1Yvyauff0,Nx1Yvyauff0
236,Maryla Rodowicz,MAŁGOŚKA,1996,https://www.youtube.com/results?search_query=Maryla%20Rodowicz%20MA%C5%81GO%C5%9AKA,https://www.youtube.com/watch?v=26MdTMNpsFM,26MdTMNpsFM
237,Armia,NIEZWYCIĘŻONY,1991,https://www.youtube.com/results?search_query=Armia%20NIEZWYCI%C4%98%C5%BBONY,https://www.youtube.com/watch?v=BI2lrdjYQ2o,BI2lrdjYQ2o
238,Anna Maria Jopek,JA WYSIADAM,2007,https://www.youtube.com/results?search_query=Anna%20Maria%20Jopek%20JA%20WYSIADAM,https://www.youtube.com/watch?v=RJsTBwHT6TY,RJsTBwHT6TY
239,Myslovitz,PEGGY BROWN,1996,https://www.youtube.com/results?search_query=Myslovitz%20PEGGY%20BROWN,https://www.youtube.com/watch?v=wQULTn59k1Q,wQULTn59k1Q
240,Marek Grechuta & Anawa,OCALIĆ OD ZAPOMNIENIA,1974,https://www.youtube.com/results?search_query=Marek%20Grechuta%20%26%20Anawa%20OCALI%C4%86%20OD%20ZAPOMNIENIA,https://www.youtube.com/watch?v=pE_-mac9QU4,pE_-mac9QU4
241,Lech Janerka,KONSTYTUCJE,2001,https://www.youtube.com/results?search_query=Lech%20Janerka%20KONSTYTUCJE,https://www.youtube.com/watch?v=W4MC7RzFeMU,W4MC7RzFeMU
242,Marek Grechuta & Anawa,"WIOSNA, ACH TO TY",,https://www.youtube.com/results?search_query=Marek%20Grechuta%20%26%20Anawa%20WIOSNA%2C%20ACH%20TO%20TY,https://www.youtube.com/watch?v=3NQnnhlRWmc,3NQnnhlRWmc
243,Maria Peszek,SORRY POLSKO,2012,https://www.youtube.com/results?search_query=Maria%20Peszek%20SORRY%20POLSKO,https://www.youtube.com/watch?v=5CytySnKHrY,5CytySnKHrY
244,Bajm,"DWA SERCA, DWA SMUTKI",1986,https://www.youtube.com/results?search_query=Bajm%20DWA%20SERCA%2C%20DWA%20SMUTKI,https://www.youtube.com/watch?v=HPJ5AOL0eCs,HPJ5AOL0eCs
245,Sidney Polak,Otwieram wino,2004,https://www.youtube.com/results?search_query=Sidney%20Polak%20Otwieram%20wino,https://www.youtube.com/watch?v=b16vSZMJ13k,b16vSZMJ13k
246,Jonasz Kofta,PAMIĘTAJCIE O OGRODACH,2007,https://www.youtube.com/results?search_query=Jonasz%20Kofta%20PAMI%C4%98TAJCIE%20O%20OGRODACH,https://www.youtube.com/watch?v=Iuuz598PXQs,Iuuz598PXQs
247,Republika,RAZ NA MILION LAT,1998,https://www.youtube.com/results?search_query=Republika%20RAZ%20NA%20MILION%20LAT,https://www.youtube.com/watch?v=S4L4G343dFQ,S4L4G343dFQ
248,Męskie Granie Orkiestra 2019,SOBIE I WAM,2019,https://www.youtube.com/results?search_query=M%C4%99skie%20Granie%20Orkiestra%202019%20SOBIE%20I%20WAM,https://www.youtube.com/watch?v=dSgLWXmp2YA,dSgLWXmp2YA
249,Brodka,Granda,2010,https://www.youtube.com/results?search_query=Brodka%20Granda,https://www.youtube.com/watch?v=D1CjdBPmIzg,D1CjdBPmIzg
250,TSA,TRZY ZAPAŁKI,,https://www.youtube.com/results?search_query=TSA%20TRZY%20ZAPA%C5%81KI,https://www.youtube.com/watch?v=6uFftMcu1Xg,6uFftMcu1Xg
251,Wojciech Młynarski,JESTEŚMY NA WCZASACH,1966,https://www.youtube.com/results?search_query=Wojciech%20M%C5%82ynarski%20JESTE%C5%9AMY%20NA%20WCZASACH,https://www.youtube.com/watch?v=o1HCzB99IHg,o1HCzB99IHg
252,Kult,DZIEWCZYNA BEZ ZĘBA NA PRZEDZIE,1998,https://www.youtube.com/results?search_query=Kult%20DZIEWCZYNA%20BEZ%20Z%C4%98BA%20NA%20PRZEDZIE,https://www.youtube.com/watch?v=hbN8Zrzlirc,hbN8Zrzlirc
253,Illusion,NÓŻ,2011,https://www.youtube.com/results?search_query=Illusion%20N%C3%93%C5%BB,https://www.youtube.com/watch?v=2sIxHSnxYXo,2sIxHSnxYXo
254,Kazik & Edyta Bartosiewicz,CZTERY POKOJE,,https://www.youtube.com/results?search_query=Kazik%20%26%20Edyta%20Bartosiewicz%20CZTERY%20POKOJE,https://www.youtube.com/watch?v=nNhrzGLdEVE,nNhrzGLdEVE
255,Król,Te smaki i zapachy,2019,https://www.youtube.com/results?search_query=Kr%C3%B3l%20Te%20smaki%20i%20zapachy,https://www.youtube.com/watch?v=eCbY5Rkrs4Y,eCbY5Rkrs4Y
256,"Męskie Granie Orkiestra 2023 (Igo, Mrozu, Vito Bambino)",Supermoce,,https://www.youtube.com/results?search_query=M%C4%99skie%20Granie%20Orkiestra%202023%20%28Igo%2C%20Mrozu%2C%20Vito%20Bambino%29%20Supermoce,https://www.youtube.com/watch?v=pKqVj-ermPY,pKqVj-ermPY
257,Krystyna Prońko,MAŁE TĘSKNOTY,2012,https://www.youtube.com/results?search_query=Krystyna%20Pro%C5%84ko%20MA%C5%81E%20T%C4%98SKNOTY,https://www.youtube.com/watch?v=oHbGP01Xnws,oHbGP01Xnws
258,"Kaczmarski, Gintrowski, Łapiński",MODLITWA O WSCHODZIE SŁOŃCA,,https://www.youtube.com/results?search_query=Kaczmarski%2C%20Gintrowski%2C%20%C5%81api%C5%84ski%20MODLITWA%20O%20WSCHODZIE%20S%C5%81O%C5%83CA,https://www.youtube.com/watch?v=rdnmkg8CQaI,rdnmkg8CQaI
259,Klaus Mitffoch,STRZEŻ SIĘ TYCH MIEJSC,1993,https://www.youtube.com/results?search_query=Klaus%20Mitffoch%20STRZE%C5%BB%20SI%C4%98%20TYCH%20MIEJSC,https://www.youtube.com/watch?v=FxN5ceTZnB0,FxN5ceTZnB0
260,IRA,MÓJ DOM,2014,https://www.youtube.com/results?search_query=IRA%20M%C3%93J%20DOM,https://www.youtube.com/watch?v=ooQ_cAETNyo,ooQ_cAETNyo
261,2 plus 1,WINDĄ DO NIEBA,,https://www.youtube.com/results?search_query=2%20plus%201%20WIND%C4%84%20DO%20NIEBA,https://www.youtube.com/watch?v=C1GID_AKjhQ,C1GID_AKjhQ
262,Sistars,Sutra,2004,https://www.youtube.com/results?search_query=Sistars%20Sutra,https://www.youtube.com/watch?v=pQvWip9D0Xs,pQvWip9D0Xs
263,Stanisław Soyka,CUD NIEPAMIĘCI,2002,https://www.youtube.com/results?search_query=Stanis%C5%82aw%20Soyka%20CUD%20NIEPAMI%C4%98CI,https://www.youtube.com/watch?v=eEqfMGY2gN0,eEqfMGY2gN0
264,Ralph Kaminski,KOSMICZNE ENERGIE,2019,https://www.youtube.com/results?search_query=Ralph%20Kaminski%20KOSMICZNE%20ENERGIE,https://www.youtube.com/watch?v=nV8FGJNQqyM,nV8FGJNQqyM
265,Krzysztof Krawczyk,BO JESTEŚ TY,2003,https://www.youtube.com/results?search_query=Krzysztof%20Krawczyk%20BO%20JESTE%C5%9A%20TY,https://www.youtube.com/watch?v=1QyW_QeR2dQ,1QyW_QeR2dQ
266,Basia,CRUISING FOR BRUISING,1992,https://www.youtube.com/results?search_query=Basia%20CRUISING%20FOR%20BRUISING,https://www.youtube.com/watch?v=OCwsy3v8MiA,OCwsy3v8MiA
267,Budka Suflera,CZAS OŁOWIU,1999,https://www.youtube.com/results?search_query=Budka%20Suflera%20CZAS%20O%C5%81OWIU,https://www.youtube.com/watch?v=8DBJJuKLX5s,8DBJJuKLX5s
268,Lady Pank,WCIĄŻ BARDZIEJ OBCY,1995,https://www.youtube.com/results?search_query=Lady%20Pank%20WCI%C4%84%C5%BB%20BARDZIEJ%20OBCY,https://www.youtube.com/watch?v=zYrmvpwqZYI,zYrmvpwqZYI
269,Kabaret Starszych Panów,PIOSENKA JEST DOBRA NA WSZYSTKO,,https://www.youtube.com/results?search_query=Kabaret%20Starszych%20Pan%C3%B3w%20PIOSENKA%20JEST%20DOBRA%20NA%20WSZYSTKO,https://www.youtube.com/watch?v=kkiMU6epe5w,kkiMU6epe5w
270,Lao Che,Kapitan Polska,2019,https://www.youtube.com/results?search_query=Lao%20Che%20Kapitan%20Polska,https://www.youtube.com/watch?v=h7ShR35anqg,h7ShR35anqg
271,Muchy,Szaroróżowe,,https://www.youtube.com/results?search_query=Muchy%20Szaror%C3%B3%C5%BCowe,https://www.youtube.com/watch?v=UbtKux8mrC0,UbtKux8mrC0
272,Urszula Dudziak,PAPAJA,,https://www.youtube.com/results?search_query=Urszula%20Dudziak%20PAPAJA,https://www.youtube.com/watch?v=zWSfiVp0vYA,zWSfiVp0vYA
273,Kult,KREW BOGA,1987,https://www.youtube.com/results?search_query=Kult%20KREW%20BOGA,https://www.youtube.com/watch?v=gVhKwnUzWwM,gVhKwnUzWwM
274,Ewa Demarczyk,KARUZELA Z MADONNAMI,1999,https://www.youtube.com/results?search_query=Ewa%20Demarczyk%20KARUZELA%20Z%20MADONNAMI,https://www.youtube.com/watch?v=CZWBSVjCljs,CZWBSVjCljs
275,Muniek Staszczyk,Pola,2019,https://www.youtube.com/results?search_query=Muniek%20Staszczyk%20Pola,https://www.youtube.com/watch?v=OuR1SxSNNOU,OuR1SxSNNOU
276,"Raz, Dwa, Trzy",JUTRO MOŻEMY BYĆ SZCZĘŚLIWI,2005,https://www.youtube.com/results?search_query=Raz%2C%20Dwa%2C%20Trzy%20JUTRO%20MO%C5%BBEMY%20BY%C4%86%20SZCZ%C4%98%C5%9ALIWI,https://www.youtube.com/watch?v=m_-QSyCCTss,m_-QSyCCTss
277,Republika,MAMONA,2002,https://www.youtube.com/results?search_query=Republika%20MAMONA,https://www.youtube.com/watch?v=-R7qqsT6-T8,-R7qqsT6-T8
278,Ryszard Rynkowski,SZCZĘŚLIWEJ DROGI JUŻ CZAS,1998,https://www.youtube.com/results?search_query=Ryszard%20Rynkowski%20SZCZ%C4%98%C5%9ALIWEJ%20DROGI%20JU%C5%BB%20CZAS,https://www.youtube.com/watch?v=_pZ9xrYKt58,_pZ9xrYKt58
279,Hanna Banaszak,SAMBA PRZED ROZSTANIEM,2008,https://www.youtube.com/results?search_query=Hanna%20Banaszak%20SAMBA%20PRZED%20ROZSTANIEM,https://www.youtube.com/watch?v=RmpkiVh7_Hc,RmpkiVh7_Hc
280,Maanam,WYJĄTKOWO ZIMNY MAJ,2000,https://www.youtube.com/results?search_query=Maanam%20WYJ%C4%84TKOWO%20ZIMNY%20MAJ,https://www.youtube.com/watch?v=3Skn4vxU9cA,3Skn4vxU9cA
281,Kapitan Nemo,TWOJA LORELEI,1998,https://www.youtube.com/results?search_query=Kapitan%20Nemo%20TWOJA%20LORELEI,https://www.youtube.com/watch?v=qJXofKiaUJ4,qJXofKiaUJ4
282,Kaśka Sochacka & Vito Bambino,Boję się o Ciebie,,https://www.youtube.com/results?search_query=Ka%C5%9Bka%20Sochacka%20%26%20Vito%20Bambino%20Boj%C4%99%20si%C4%99%20o%20Ciebie,https://www.youtube.com/watch?v=Hiihi5hprdA,Hiihi5hprdA
283,Krystyna Prońko,DESZCZ W CISNEJ,2012,https://www.youtube.com/results?search_query=Krystyna%20Pro%C5%84ko%20DESZCZ%20W%20CISNEJ,https://www.youtube.com/watch?v=476QyWZHqPA,476QyWZHqPA
284,Kasia Kowalska,A TO CO MAM,1995,https://www.youtube.com/results?search_query=Kasia%20Kowalska%20A%20TO%20CO%20MAM,https://www.youtube.com/watch?v=aWFtbV4HBBo,aWFtbV4HBBo
285,Anna Jurksztowicz,Stan pogody,2017,https://www.youtube.com/results?search_query=Anna%20Jurksztowicz%20Stan%20pogody,https://www.youtube.com/watch?v=K0FhEHQ5zCk,K0FhEHQ5zCk
286,Lao Che,Nie raj,2018,https://www.youtube.com/results?search_query=Lao%20Che%20Nie%20raj,https://www.youtube.com/watch?v=soTn9p3Adpw,soTn9p3Adpw
287,Domowe Melodie,Grażka,2012,https://www.youtube.com/results?search_query=Domowe%20Melodie%20Gra%C5%BCka,https://www.youtube.com/watch?v=PjpdgvPnOEQ,PjpdgvPnOEQ
288,T.Love,IV LICEUM,2014,https://www.youtube.com/results?search_query=T.Love%20IV%20LICEUM,https://www.youtube.com/watch?v=2SN_ZH75e68,2SN_ZH75e68
289,Republika,ŚMIERĆ W BIKINI,1993,https://www.youtube.com/results?search_query=Republika%20%C5%9AMIER%C4%86%20W%20BIKINI,https://www.youtube.com/watch?v=JZ1h5gFhlsg,JZ1h5gFhlsg
290,Czerwone Gitary,KWIATY WE WŁOSACH,2005,https://www.youtube.com/results?search_query=Czerwone%20Gitary%20KWIATY%20WE%20W%C5%81OSACH,https://www.youtube.com/watch?v=e0Flwrc7oAQ,e0Flwrc7oAQ
291,Brodka,Varsovie,2012,https://www.youtube.com/results?search_query=Brodka%20Varsovie,https://www.youtube.com/watch?v=m5CE1yPDxAs,m5CE1yPDxAs
292,Mieczysław Fogg,TO OSTATNIA NIEDZIELA,2001,https://www.youtube.com/results?search_query=Mieczys%C5%82aw%20Fogg%20TO%20OSTATNIA%20NIEDZIELA,https://www.youtube.com/watch?v=NqmGo3KFp2s,NqmGo3KFp2s
293,Czerwony Tulipan,JEDYNE CO MAM,2003,https://www.youtube.com/results?search_query=Czerwony%20Tulipan%20JEDYNE%20CO%20MAM,https://www.youtube.com/watch?v=PWGp6qWvWbc,PWGp6qWvWbc
294,Skaldowie i Łucja Prus,W ŻÓŁTYCH PŁOMIENIACH LIŚCI,,https://www.youtube.com/results?search_query=Skaldowie%20i%20%C5%81ucja%20Prus%20W%20%C5%BB%C3%93%C5%81TYCH%20P%C5%81OMIENIACH%20LI%C5%9ACI,https://www.youtube.com/watch?v=cpVwaNeZXTk,cpVwaNeZXTk
295,Król,Z tobą / Do domu,2018,https://www.youtube.com/results?search_query=Kr%C3%B3l%20Z%20tob%C4%85%20/%20Do%20domu,https://www.youtube.com/watch?v=6JGLalt4xJ4,6JGLalt4xJ4
296,Obywatel G.C.,PARYŻ - MOSKWA 17.15,,https://www.youtube.com/results?search_query=Obywatel%20G.C.%20PARY%C5%BB%20-%20MOSKWA%2017.15,https://www.youtube.com/watch?v=JI9P7RsVn3M,JI9P7RsVn3M
297,Marek Jackowski,OPRÓCZ,2014,https://www.youtube.com/results?search_query=Marek%20Jackowski%20OPR%C3%93CZ,https://www.youtube.com/watch?v=bM4dm6ZwZjo,bM4dm6ZwZjo
298,Czesław Niemen,JEDNEGO SERCA,2009,https://www.youtube.com/results?search_query=Czes%C5%82aw%20Niemen%20JEDNEGO%20SERCA,https://www.youtube.com/watch?v=Fq7Zo3guNJs,Fq7Zo3guNJs
299,Sidney Polak,Chomiczówka,2004,https://www.youtube.com/results?search_query=Sidney%20Polak%20Chomicz%C3%B3wka,https://www.youtube.com/watch?v=9kyIhvt_ZU0,9kyIhvt_ZU0
300,Wilki,BAŚKA,2002,https://www.youtube.com/results?search_query=Wilki%20BA%C5%9AKA,https://www.youtube.com/watch?v=SCIvOsw0O-M,SCIvOsw0O-M
301,Marek Grechuta,NIEPEWNOŚĆ,2001,https://www.youtube.com/results?search_query=Marek%20Grechuta%20NIEPEWNO%C5%9A%C4%86,https://www.youtube.com/watch?v=VBDYT4wJAa4,VBDYT4wJAa4
302,Maanam,TO TYLKO TANGO,2000,https://www.youtube.com/results?search_query=Maanam%20TO%20TYLKO%20TANGO,https://www.youtube.com/watch?v=oJBmV39nTaE,oJBmV39nTaE
303,Cool Kids Of Death,Butelki z benzyną i kamienie,2010,https://www.youtube.com/results?search_query=Cool%20Kids%20Of%20Death%20Butelki%20z%20benzyn%C4%85%20i%20kamienie,https://www.youtube.com/watch?v=vMj7FjFBlkk,vMj7FjFBlkk
304,Budka Suflera,NIE WIERZ NIGDY KOBIECIE,1996,https://www.youtube.com/results?search_query=Budka%20Suflera%20NIE%20WIERZ%20NIGDY%20KOBIECIE,https://www.youtube.com/watch?v=oHQUpMi_JAc,oHQUpMi_JAc
305,Anna Jantar i Zbigniew Hołdys,KTOŚ MIĘDZY NAMI,1993,https://www.youtube.com/results?search_query=Anna%20Jantar%20i%20Zbigniew%20Ho%C5%82dys%20KTO%C5%9A%20MI%C4%98DZY%20NAMI,https://www.youtube.com/watch?v=FnFCJA3nLbY,FnFCJA3nLbY
306,Lady Pank,"TAŃCZ GŁUPIA, TAŃCZ",1995,https://www.youtube.com/results?search_query=Lady%20Pank%20TA%C5%83CZ%20G%C5%81UPIA%2C%20TA%C5%83CZ,https://www.youtube.com/watch?v=9FhPGY1xTqI,9FhPGY1xTqI
307,Kayah & Bregović,"ŚPIJ KOCHANIE, ŚPIJ",2007,https://www.youtube.com/results?search_query=Kayah%20%26%20Bregovi%C4%87%20%C5%9APIJ%20KOCHANIE%2C%20%C5%9APIJ,https://www.youtube.com/watch?v=8-02C_4VA44,8-02C_4VA44
308,Kult,PIOSENKA MŁODYCH WIOŚLARZY,2008,https://www.youtube.com/results?search_query=Kult%20PIOSENKA%20M%C5%81ODYCH%20WIO%C5%9ALARZY,https://www.youtube.com/watch?v=nJpH5NkMb4w,nJpH5NkMb4w
309,Zakopower,Boso,2011,https://www.youtube.com/results?search_query=Zakopower%20Boso,https://www.youtube.com/watch?v=csSefjNCXn0,csSefjNCXn0
310,"Raz, Dwa, Trzy",W WIELKIM MIEŚCIE,2000,https://www.youtube.com/results?search_query=Raz%2C%20Dwa%2C%20Trzy%20W%20WIELKIM%20MIE%C5%9ACIE,https://www.youtube.com/watch?v=rC0CB1VSu5g,rC0CB1VSu5g
311,Kult,CZARNE SŁOŃCA,1993,https://www.youtube.com/results?search_query=Kult%20CZARNE%20S%C5%81O%C5%83CA,https://www.youtube.com/watch?v=FjC-korP-QI,FjC-korP-QI
312,Emigranci,NA FALOCHRONIE,2016,https://www.youtube.com/results?search_query=Emigranci%20NA%20FALOCHRONIE,https://www.youtube.com/watch?v=iPXhs5d_T5I,iPXhs5d_T5I
313,Pidżama Porno,EZOTERYCZNY POZNAŃ,1997,https://www.youtube.com/results?search_query=Pid%C5%BCama%20Porno%20EZOTERYCZNY%20POZNA%C5%83,https://www.youtube.com/watch?v=SmFf_UEA0vo,SmFf_UEA0vo
314,Matylda / Łukasiewicz,Nudny rok,,https://www.youtube.com/results?search_query=Matylda%20/%20%C5%81ukasiewicz%20Nudny%20rok,https://www.youtube.com/watch?v=0Er1u2p-dLA,0Er1u2p-dLA
315,De Press,BO JO CIE KOCHOM,1991,https://www.youtube.com/results?search_query=De%20Press%20BO%20JO%20CIE%20KOCHOM,https://www.youtube.com/watch?v=hxVVH6JdgN0,hxVVH6JdgN0
316,GrubSon,Na szczycie,2018,https://www.youtube.com/results?search_query=GrubSon%20Na%20szczycie,https://www.youtube.com/watch?v=6BnT_wkuMBA,6BnT_wkuMBA
317,Kasia Kowalska,JAK RZECZ,,https://www.youtube.com/results?search_query=Kasia%20Kowalska%20JAK%20RZECZ,https://www.youtube.com/watch?v=BgoVxG0PDEA,BgoVxG0PDEA
318,Kayah & Bregović,BYŁAM RÓŻĄ,,https://www.youtube.com/results?search_query=Kayah%20%26%20Bregovi%C4%87%20BY%C5%81AM%20R%C3%93%C5%BB%C4%84,https://www.youtube.com/watch?v=NtHb82zTJdA,NtHb82zTJdA
319,Maryla Rodowicz,ŁATWOPALNI,,https://www.youtube.com/results?search_query=Maryla%20Rodowicz%20%C5%81ATWOPALNI,https://www.youtube.com/watch?v=_Fu2NySfFlE,_Fu2NySfFlE
320,Edyta Bartosiewicz,SKŁAMAŁAM,,https://www.youtube.com/results?search_query=Edyta%20Bartosiewicz%20SK%C5%81AMA%C5%81AM,https://www.youtube.com/watch?v=HlX1IZqxtDM,HlX1IZqxtDM
321,Perfect,"WYSPA, DRZEWO, ZAMEK",,https://www.youtube.com/results?search_query=Perfect%20WYSPA%2C%20DRZEWO%2C%20ZAMEK,https://www.youtube.com/watch?v=Zh40jN3MrcE,Zh40jN3MrcE
322,De Su,ŻYCIE CUDEM JEST,,https://www.youtube.com/results?search_query=De%20Su%20%C5%BBYCIE%20CUDEM%20JEST,https://www.youtube.com/watch?v=3LHBg5rgiI4,3LHBg5rgiI4
323,Kaśka Sochacka,Ciche dni,,https://www.youtube.com/results?search_query=Ka%C5%9Bka%20Sochacka%20Ciche%20dni,https://www.youtube.com/watch?v=UtqdMYNlgzk,UtqdMYNlgzk
324,Zbigniew Hołdys,CO SIE STAŁO Z MAGDĄ K.?,,https://www.youtube.com/results?search_query=Zbigniew%20Ho%C5%82dys%20CO%20SIE%20STA%C5%81O%20Z%20MAGD%C4%84%20K.%3F,https://www.youtube.com/watch?v=4hwerxA1afc,4hwerxA1afc
325,"Raz, Dwa, Trzy",Oczy Tej Małej,,https://www.youtube.com/results?search_query=Raz%2C%20Dwa%2C%20Trzy%20Oczy%20Tej%20Ma%C5%82ej,https://www.youtube.com/watch?v=dv1MdNjEssY,dv1MdNjEssY
326,Anna Maria Jopek,ALE JESTEM,,https://www.youtube.com/results?search_query=Anna%20Maria%20Jopek%20ALE%20JESTEM,https://www.youtube.com/watch?v=KpBMYjnCLRU,KpBMYjnCLRU
327,Voo Voo,GDYBYM,,https://www.youtube.com/results?search_query=Voo%20Voo%20GDYBYM,https://www.youtube.com/watch?v=IyEGjyyAIIg,IyEGjyyAIIg
328,T.Love,TO WYCHOWANIE,,https://www.youtube.com/results?search_query=T.Love%20TO%20WYCHOWANIE,https://www.youtube.com/watch?v=tp2F8C6vD7o,tp2F8C6vD7o
329,Krzysztof Klenczon i Trzy Korony,10 W SKALI BEAUFORTA,,https://www.youtube.com/results?search_query=Krzysztof%20Klenczon%20i%20Trzy%20Korony%2010%20W%20SKALI%20BEAUFORTA,https://www.youtube.com/watch?v=4RTjMMUcuzk,4RTjMMUcuzk
330,Czesław Śpiewa,Maszynka do świerkania,,https://www.youtube.com/results?search_query=Czes%C5%82aw%20%C5%9Apiewa%20Maszynka%20do%20%C5%9Bwierkania,https://www.youtube.com/watch?v=qHqTTSjWBvg,qHqTTSjWBvg
331,Kult,LEWE LEWE LOFF,,https://www.youtube.com/results?search_query=Kult%20LEWE%20LEWE%20LOFF,https://www.youtube.com/watch?v=HU85OSJLXLI,HU85OSJLXLI
332,VOX,BANANOWY SONG,,https://www.youtube.com/results?search_query=VOX%20BANANOWY%20SONG,https://www.youtube.com/watch?v=Y5lM39tJPUw,Y5lM39tJPUw
333,Oddział Zamknięty,TEN WASZ ŚWIAT,,https://www.youtube.com/results?search_query=Oddzia%C5%82%20Zamkni%C4%99ty%20TEN%20WASZ%20%C5%9AWIAT,https://www.youtube.com/watch?v=QxQA6WMgMBg,QxQA6WMgMBg
334,Republika,MOJA KREW,,https://www.youtube.com/results?search_query=Republika%20MOJA%20KREW,https://www.youtube.com/watch?v=xsSMJfxIZqg,xsSMJfxIZqg
335,Piotr Bukartyk,KOBIETY JAK TE KWIATY,,https://www.youtube.com/results?search_query=Piotr%20Bukartyk%20KOBIETY%20JAK%20TE%20KWIATY,https://www.youtube.com/watch?v=JSLni8bTzp8,JSLni8bTzp8
336,Czerwone Gitary,BIAŁY KRZYŻ,,https://www.youtube.com/results?search_query=Czerwone%20Gitary%20BIA%C5%81Y%20KRZY%C5%BB,https://www.youtube.com/watch?v=ay77vuSEYJs,ay77vuSEYJs
337,Skubas,NIE MAM DLA CIEBIE MIŁOŚCI,,https://www.youtube.com/results?search_query=Skubas%20NIE%20MAM%20DLA%20CIEBIE%20MI%C5%81O%C5%9ACI,https://www.youtube.com/watch?v=YVbwuRAJCAI,YVbwuRAJCAI
338,Human,POLSKI,,https://www.youtube.com/results?search_query=Human%20POLSKI,https://www.youtube.com/watch?v=ViLjJ7LV-AI,ViLjJ7LV-AI
339,Oddział Zamknięty,ANDZIA I JA,,https://www.youtube.com/results?search_query=Oddzia%C5%82%20Zamkni%C4%99ty%20ANDZIA%20I%20JA,https://www.youtube.com/watch?v=r-v2QLmAmOs,r-v2QLmAmOs
340,Irena Jarocka,KAWIARENKI,,https://www.youtube.com/results?search_query=Irena%20Jarocka%20KAWIARENKI,https://www.youtube.com/watch?v=XHHDGqh-dLI,XHHDGqh-dLI
341,Nosowska,Ledwie wczoraj,,https://www.youtube.com/results?search_query=Nosowska%20Ledwie%20wczoraj,https://www.youtube.com/watch?v=MYiElwDs62k,MYiElwDs62k
342,Kwiat Jabłoni,Dziś późno pójdę spać,,https://www.youtube.com/results?search_query=Kwiat%20Jab%C5%82oni%20Dzi%C5%9B%20p%C3%B3%C5%BAno%20p%C3%B3jd%C4%99%20spa%C4%87,https://www.youtube.com/watch?v=FWDXwrgdm9w,FWDXwrgdm9w
343,Robert Gawliński,O SOBIE SAMYM,,https://www.youtube.com/results?search_query=Robert%20Gawli%C5%84ski%20O%20SOBIE%20SAMYM,https://www.youtube.com/watch?v=kpTak7flT4A,kpTak7flT4A
344,KAT,Łza dla cieniów minionych,,https://www.youtube.com/results?search_query=KAT%20%C5%81za%20dla%20cieni%C3%B3w%20minionych,https://www.youtube.com/watch?v=pQlwGWMBCR0,pQlwGWMBCR0
345,Pogodno,ORKIESTRA,,https://www.youtube.com/results?search_query=Pogodno%20ORKIESTRA,https://www.youtube.com/watch?v=jGpP0zSA8Ko,jGpP0zSA8Ko
346,Elektryczne Gitary,JESTEM Z MIASTA,,https://www.youtube.com/results?search_query=Elektryczne%20Gitary%20JESTEM%20Z%20MIASTA,https://www.youtube.com/watch?v=a_I94dWg0p0,a_I94dWg0p0
347,Krzysztof Zalewski,POLSKO,,https://www.youtube.com/results?search_query=Krzysztof%20Zalewski%20POLSKO,https://www.youtube.com/watch?v=uDvGOjakAS8,uDvGOjakAS8
348,Dżem,PAW,,https://www.youtube.com/results?search_query=D%C5%BCem%20PAW,https://www.youtube.com/watch?v=W9lo7RnyFos,W9lo7RnyFos
349,Marek Grechuta & Anawa,NIE DOKAZUJ,,https://www.youtube.com/results?search_query=Marek%20Grechuta%20%26%20Anawa%20NIE%20DOKAZUJ,https://www.youtube.com/watch?v=fOULwRpDAeA,fOULwRpDAeA
350,Mrozu,Złoto,,https://www.youtube.com/results?search_query=Mrozu%20Z%C5%82oto,https://www.youtube.com/watch?v=mr4_R3qrKEc,mr4_R3qrKEc
351,Kabaret Starszych Panów,JEŻELI KOCHAĆ TO NIE INDYWIDUALNIE,,https://www.youtube.com/results?search_query=Kabaret%20Starszych%20Pan%C3%B3w%20JE%C5%BBELI%20KOCHA%C4%86%20TO%20NIE%20INDYWIDUALNIE,https://www.youtube.com/watch?v=o4G8nWWi_48,o4G8nWWi_48
352,Piotr Szczepanik,KOCHAĆ,,https://www.youtube.com/results?search_query=Piotr%20Szczepanik%20KOCHA%C4%86,https://www.youtube.com/watch?v=mREy5gQhseE,mREy5gQhseE
353,Mesajah,KAŻDEGO DNIA,,https://www.youtube.com/results?search_query=Mesajah%20KA%C5%BBDEGO%20DNIA,https://www.youtube.com/watch?v=eCqH-pD_rJE,eCqH-pD_rJE
354,Breakout,"GDYBYŚ KOCHAŁ, HEJ!",,https://www.youtube.com/results?search_query=Breakout%20GDYBY%C5%9A%20KOCHA%C5%81%2C%20HEJ%21,https://www.youtube.com/watch?v=i96NTiKJjP8,i96NTiKJjP8
355,Dżem,PARTYZANT,,https://www.youtube.com/results?search_query=D%C5%BCem%20PARTYZANT,https://www.youtube.com/watch?v=9w-D8LNyomQ,9w-D8LNyomQ
356,Skaldowie,"WSZYSTKO MI MÓWI, ŻE MNIE KTOŚ POKOCHAŁ",,https://www.youtube.com/results?search_query=Skaldowie%20WSZYSTKO%20MI%20M%C3%93WI%2C%20%C5%BBE%20MNIE%20KTO%C5%9A%20POKOCHA%C5%81,https://www.youtube.com/watch?v=_21HqYAL_Ns,_21HqYAL_Ns
357,Fisz Emade Tworzywo,BIEGNIJ DALEJ SAM,,https://www.youtube.com/results?search_query=Fisz%20Emade%20Tworzywo%20BIEGNIJ%20DALEJ%20SAM,https://www.youtube.com/watch?v=sygvbGHjcv0,sygvbGHjcv0