Author,Title,Year,YoutubeId,Origin,Genres
Chór Czejanda,"Na prawo most, na lewo most",1950,iov99B98bcI,PL
Marta Mirska,Pierwszy siwy włos,1950,0b7FzxuqYjA,PL
Andrzej Bogucki i Chór Czejanda,"Jak przygoda, to tylko w Warszawie",1950,S9K0xj9DFuc,PL
Maria Koterbska,Wrocławska piosenka,1950,wu20lRZct_c,PL
Andrzej Bogucki,Czerwony autobus,1951,nxwKRrUmQLo,PL
Jadwiga Prolińska i Chór Czejanda,Pójdę na Stare Miasto,1951,ZsWqzxNa4zM,PL
Chór Czejanda,Wesoły pociąg,1951,vEtWKu3-tf0,PL
Chór Czejanda,Trzej przyjaciele z boiska,1951,Ak1MYII-wOw,PL
Maria Koterbska,Bo mój chłopiec piłkę kopie,1952,pHDSkcGwazc,PL
Chór Cztery Asy,Budujemy nowy dom,1952,ECY636UKxS4,PL
Irena Małkiewicz,Gdy zaświecą latarenki,1952,Ot8DNr0Unec,PL
Mieczysław Fogg,Wisłą do Młocin,1952,4TUQ-iHAS30,PL
Adolf Dymsza,Warszawa da się lubić,1953,TO3UNGhggQ8,PL
Andrzej Bogucki i Chór Czejanda,Złoty piasek,1953,iktqDHT9r-g,PL
Andrzej Bogucki i Chór Czejanda,Piosenka warszawska,1953,0FCobjcT4Bk,PL
Maria Koterbska,Srebrna mucha i ja,1953,5HNUqUodDc8,PL
Zbigniew Kurtycz,Taki jestem zimny drań,1954,ciwENJu_11M,PL
Zbigniew Kurtycz,Cicha woda,1954,IwSwcSh1F2M,PL
Julian Sztatler,Wio koniku,1954,89nk4BKecg0,PL
Maria Koterbska,Serduszko puka w rytmie cha-cha,1954,maqdqO9G9Rk,PL
Natasza Zylska,Kasztany,1955,H0vHLdOmbok,PL
Natasza Zylska,Baja Bongo,1955,AuJhz8oYUus,PL
Cezary Fabiński,Pies Dingo,1955,x3UZJF9qFng,PL
Julian Sztatler,Pełną parą,1955,D2HJDfMj3gk,PL
Natasza Zylska,Mój mąż łowi ryby,1956,D6tfRkTH1PI,PL
Natasza Zylska,"Pik, pik, pik",1956,oDw64MM2MKs,PL
Mieczysław Fogg,Siwy włos,1956,B_5L1ZkaSjg,PL
Maria Koterbska,Augustowskie noce,1956,QTCBVwwVbqY,PL
Maria Koterbska,Parasolki,1957,yugEIsB2wV0,PL
Maria Koterbska,Brzydula i rudzielec,1957,mz9Ut_Cqiqo,PL
Maria Koterbska,"Do jutra, do zobaczenia",1957,EGv0f8j7lVs,PL
Hanna Rek,Jesteś cza-cza-czarująca,1957,aD4DdHwKKis,PL
Sława Przybylska,Już nigdy,1958,rDbS9ziRbMc,PL
Maria Koterbska,Karuzela,1958,lu5m_qW94ak,PL
Sława Przybylska,Pamiętasz była jesień,1958,A7VTiP5dl9o,PL
Sława Przybylska,Gorącą nocą,1958,1tLM8TNSucc,PL
Halina Kowalewska,Na katarynce,1959,FKj1R5QB2f4,PL
Ludmiła Jakubczak,Alabama,1959,-2bcHVffVyI,PL
Zbigniew Kurtycz,Traf,1959,_PwDpR1EFRM,PL
Zbigniew Rawicz,Walczyk Warszawy,1959,Ip8nSIFnsP4,PL
Ludmiła Jakubczak,Gdy mi Ciebie zabraknie,1960,d4dGw6Puvi4,PL
Hanna Rek,Romeo,1960,zubpmDMcaxI,PL
Wiesława Drojecka,Marjolane,1960,j9QKLhk0B0M,PL
Sława Przybylska,Miłość w Portofino,1961,4D9kTz1Myc0,PL
Irena Santor,Embarras,1961,mjKaF3ME3e4,PL
Karin Stanek,Malowana lala,1962,W7B6R6dahX4,PL
Czerwono-Czarni,Jedziemy autostopem,1962,GNtp-Q7scEc,PL
Katarzyna Sobczyk,O mnie się nie martw,1962,EpvDBgKWBmI,PL
Karin Stanek,Chłopiec z gitarą,1963,kOSwTn35F7U,PL
Helena Majdaniec,Rudy rydz,1963,th1Sgf_nkoY,PL
Czesław Niemen,Pod papugami,1963,ePwwMgrPMW8,PL
Bogdan Czyżewski,Zginęła mi dziewczyna,1963,hdB7IZffwvI,PL
Niebiesko-Czarni,Niedziela będzie dla nas,1964,Fxkhe8GqYkc,PL
Violetta Villas,"Do ciebie, mamo",1964,N68_SARhXEw,PL
Hanna Rek,Nie wolno mi,1964,WD3DkaKrpzo,PL
Natasza Zylska,Chana,1964,f7zMiq96jKw,PL
Piotr Szczepanik,Kochać,1965,mREy5gQhseE,PL
Piotr Szczepanik,Goniąc kormorany,1965,mDTCj3slFMM,PL
Jerzy Matuszkiewicz,Wojna domowa,1965,Vl7UOup8s9s,PL
Wojciech Młynarski,Jesteśmy,1965,RRfiddT5-aM,PL
Czerwone Gitary,Nie zadzieraj nosa,1966,7Shz3JUucaM,PL
Skaldowie,"Wszystko mi mówi, że mnie ktoś pokochał",1966,_21HqYAL_Ns,PL
Czesław Niemen,Sen o Warszawie,1966,ePNUSmH3dMI,PL
Czerwone Gitary,Powiedz stary gdzieś ty był,1966,OAU6_Bv9RCY,PL
Czesław Niemen,Dziwny jest ten świat,1967,wTjLZwpmufw,PL
Czerwone Gitary,Kwiaty we włosach,1967,e0Flwrc7oAQ,PL
Edmund Fetting,Ballada o pancernych,1967,y6foA9AO60Y,PL
Breakout,Gdybyś kochał hej,1967,mv41zHIQIVM,PL
Czerwone Gitary,Anna Maria,1968,Ynj0n8WpZ7Q,PL
Skaldowie,Medytacje wiejskiego listonosza,1968,Qy8MylHlD08,PL
Irena Jarocka,Motylem jestem,1968,NTGfIEuy_ys,PL
Czerwone Gitary,Takie ładne oczy,1968,whei_Xu-Q8w,PL
Alibabki,Kwiat jednej nocy,1969,8oFSN9RSjmg,PL
Maryla Rodowicz,Mówiły mu,1969,uDO5lSE8BJk,PL
Skaldowie,Cała jesteś w skowronkach,1969,vpD9JtVGUHY,PL
Edmund Fetting,Nim wstanie dzień,1969,p266UtzxCpo,PL
Trubadurzy,Znamy się tylko z widzenia,1970,DG_wdNY7IIA,PL
Maryla Rodowicz,Jadą wozy kolorowe,1970,GdVh6x_cXXU,PL
Tadeusz Nalepa,Kiedy byłem małym chłopcem,1970,lWXSUuosxtk,PL
Maryla Rodowicz,To było w maju,1970,JFk6PPdLaYg,PL
Marek Grechuta,"Dni, których nie znamy",1971,kOzQ7yR7w74,PL
Krzysztof Klenczon,10 w skali Beauforta,1971,4RTjMMUcuzk,PL
Andrzej Dąbrowski,Zielono mi,1971,A3Erhhwt9kg,PL
Anna German,Kupiłabym ci me kochanie,1971,Ve7h1W2fbHM,PL
Tadeusz Woźniak,Zegarmistrz światła,1972,n7BkXebANI0,PL
2 plus 1,"Chodź, pomaluj mój świat",1972,3hYjSsmmzJs,PL
Irena Jarocka,Odpływają kawiarenki,1972,XHHDGqh-dLI,PL
Bogusław Mec,Jej portret,1972,8sI4m8t7YmA,PL
Maryla Rodowicz,Małgośka,1973,26MdTMNpsFM,PL
Stan Borys,Jaskółka uwięziona,1973,y4i4_e7T7Ig,PL
Maryla Rodowicz,Diabeł i raj,1973,pHTxc9Rfor4,PL
Dżamble,Wymyśliłem ciebie,1973,_8kyIah0XGo,PL
Anna Jantar,Tyle słońca w całym mieście,1974,wChFEkCqt5s,PL
Budka Suflera,Sen o dolinie,1974,SxHd7ELwBCw,PL
Andrzej Rosiewicz,40 lat minęło,1974,TSgohNm-1cg,PL
Maryla Rodowicz,Urodzajny rok,1974,_yronE5zJ_8,PL
Krzysztof Krawczyk,Parostatek,1975,S7KAGds0i7U,PL
Anna Jantar,Moje jedyne marzenie,1975,IsaSossqRC0,PL
Budka Suflera,Cień wielkiej góry,1975,-Yryq4DytYY,PL
Maryla Rodowicz,Damą być,1975,pLo5ZyGn_qg,PL
Maryla Rodowicz,Sing-Sing,1976,QgHhOXjHv_w,PL
Krzysztof Krawczyk,Byle było tak,1976,wzvWucG2IAQ,PL
Maryla Rodowicz,Nie ma jak pompa,1976,sgLHGk3HA6c,PL
Maryla Rodowicz,Kolorowe jarmarki,1977,5Fs2PewmpmU,PL
Halina Frąckowiak,Bądź gotowy do drogi,1977,g6ACuxhFqqI,PL
Maryla Rodowicz,Krąży złoty pieniądz,1977,iIRoR8_ESzw,PL
Maryla Rodowicz,Cokolwiek robię nie żałuję,1977,0whhZuo3CXQ,PL
2 plus 1,Windą do nieba,1978,PWTLbvZRdJw,PL
Zbigniew Wodecki,Zacznij od Bacha,1978,rDQHzGpwQNk,PL
Maryla Rodowicz,Remedium,1978,ucfNtTsyjYA,PL
Maryla Rodowicz,"Futbol, futbol, futbol",1978,oY-N1607m4I,PL
Anna Jantar,Nic nie może wiecznie trwać,1979,LBmUBMnuU2k,PL
Maanam,Hamlet,1979,7DARGu0GGCY,PL
Maryla Rodowicz,Cyrk nocą,1979,K61I4eaXg7A,PL
Maryla Rodowicz,Rajski deser,1979,kKzPVBwtrr4,PL
Maanam,Boskie Buenos,1980,YdE2CRrmXek,PL
Izabela Trojanowska,Wszystko czego dziś chcę,1980,olkNnmhMj7Y,PL
Maryla Rodowicz,Głowisia,1980,JUokJ7XDoZ0,PL
Andrzej Rosiewicz,Najwięcej witaminy,1980,8A-xV5hZ3Eg,PL
Grażyna Łobaszewska,Czas nas uczy pogody,1980,JQxlkAcFiMw,PL
Vox,Bananowy song,1980,Y5lM39tJPUw,PL
Perfect,Nie płacz Ewka,1981,G_oKsG8KRZI,PL
Maanam,Cykady na Cykladach,1981,mh8ZqQS1EPM,PL
Perfect,Chcemy być sobą,1981,1qeMxFRD100,PL
Krystyna Prońko,Psalm stojących w kolejce,1981,aU-3t8Wav7U,PL
Maanam,Oddech szczura,1981,Q5bVHJMMj8s,PL
Izabela Trojanowska,Pieśń o cegle,1981,gKhFs7e5KLI,PL
Budka Suflera,Za ostatni grosz,1981,PYpg4BypJoA,PL
Lombard,Przeżyj to sam,1981,ZeE3wjUbiaA,PL
Perfect,Autobiografia,1982,1n0MupX-7AM,PL
Budka Suflera,"Jolka, Jolka pamiętasz",1982,fYKfvvwsoAY,PL
Republika,Biała flaga,1982,gHUDbpI8Ulk,PL
Maanam,Nie rób tyle hałasu,1982,QcKYaAqQEj0,PL
TSA,51,1982,wBBt9XY1BzU,PL
Martyna Jakubowicz,W domach z betonu nie ma wolnej miłości,1982,pwO4y5FN7BA,PL
Republika,Kombinat,1982,i8NINDlQ6KY,PL
Turbo,Dorosłe dzieci,1982,AnOhpmCS0Fc,PL
Lady Pank,Tańcz głupia tańcz,1982,9FhPGY1xTqI,PL
Perfect,Pepe wróć,1982,rptVgdxZO5k,PL
Republika,Telefony,1982,qEXyPSBYbMA,PL
Oddział Zamknięty,Ten wasz świat,1982,QxQA6WMgMBg,PL
Lombard,Droga Pani z TV,1982,UQav0MJlu-w,PL
Lombard,Śmierć dyskotece!,1982,qSb6y39FvXw,PL
Lombard,Nasz ostatni taniec,1982,yEHtWG2UZaY,PL
Lady Pank,Mniej niż zero,1983,BNknWDWTSoc,PL
Bajm,"Józek, nie daruję ci tej nocy",1983,YdDFGal_ktU,PL
Maanam,Kocham cię kochanie moje,1983,nIncb6Gy2js,PL
Lady Pank,Kryzysowa narzeczona,1983,o71HQWqi68U,PL
Urszula,"Dmuchawce, latawce, wiatr",1983,SmJD-yU48wM,PL
Bajm,Co mi panie dasz,1983,RrAn5pGqu_w,PL
Lady Pank,Zamki na piasku,1983,IWnnhRNUOMQ,PL
Oddział Zamknięty,Obudź się,1983,b7l6ksWZi-8,PL
TSA,Alien,1983,LFgExEWSZqc,PL
Republika,Śmierć w bikini,1983,JZ1h5gFhlsg,PL
Maanam,To tylko tango,1983,jVh19uttkA4,PL
Republika,Arktyka,1983,Nd-DXfv84gA,PL
Universe,Mr. Lennon,1983,sLK2ONm4Uh8,PL
Oddział Zamknięty,Andzia,1983,r-v2QLmAmOs,PL
Perfect,Objazdowe nieme kino,1983,o02KSEbxK7I,PL
Lady Pank,Wciąż bardziej obcy,1983,zYrmvpwqZYI,PL
Bajm,Nie ma wody na pustyni,1983,FlXc0GzUmFM,PL
Banda i Wanda,Hi-Fi,1983,4-OBu1nHwI4,PL
Budka Suflera,Noc komety,1983,ueB0rsmoJKo,PL
Lombard,"Adriatyk, ocean gorący",1983,InacT4yXgzo,PL
Perfect,"Wyspa, Drzewo, Zamek",1983,Zh40jN3MrcE,PL
Republika,Nieustanne tango,1983,wHmPY9qIS9Y,PL
Oddział Zamknięty,Party,1983,VQZrYtErNd0,PL
Seweryn Krajewski,Uciekaj moje serce,1983,Gyk4pEWZddU,PL
Lady Pank,Fabryka małp,1983,sAMSa5wF0-M,PL
Maanam,Krakowski spleen,1984,BqUpUtaS9VY,PL
Aya RL,Skóra,1984,1cFzJUX99Ck,PL
Lombard,Szklana pogoda,1984,SCrR7od_fck,PL
Kombi,Słodkiego miłego życia,1984,YMsQ5izhIDo,PL
Maanam,Lucciola,1984,naTzHhfThJA,PL
Lombard,Stan gotowości,1984,cMhLQd7Sv3A,PL
Urszula,Malinowy król,1984,C9SQcO3Zins,PL
Klaus Mitffoch,"Jezu, jak się cieszę",1984,iwWbAxQGmKc,PL
Budka Suflera,Cały mój zgiełk,1984,T7a9Q6R6RIw,PL
Franek Kimono,King Bruce Lee karate mistrz,1984,ePgCs1XkhPo,PL
Wały Jagiellońskie,Córka rybaka,1984,Greh3sUMwe4,PL
Kapitan Nemo,Twoja Lorelei,1984,XbXBUiTs58Q,PL
Klaus Mitffoch,Strzeż się tych miejsc,1984,Is76iLjOckM,PL
TSA,Heavy Metal Świat,1984,1ewPCJYRGQE,PL
Edyta Geppert,"Och, życie kocham cię nad życie",1984,Ha1MG7UbwBI,PL
Rezerwat,Zaopiekuj się mną,1985,WD7dDfZD1_8,PL
Mr. Zoob,Mój jest ten kawałek podłogi,1985,lqbFWLKjlP4,PL
Dżem,Whisky,1985,zfwGiieFkKo,PL
Brygada Kryzys,Centrala,1985,mS5jTh7RkEE,PL
Bolter,Daj mi tę noc,1985,-EW0nYiYJc0,PL
Bajm,"Dwa serca, dwa smutki",1985,HPJ5AOL0eCs,PL
Tilt,Runął już ostatni mur,1985,mNWU8zRPG4Q,PL
Zbigniew Wodecki,Chałupy welcome to,1985,bQh4EiRdBdA,PL
Hanna Banaszak,Samba przed rozstaniem,1985,r4YgrPpfn6c,PL
Dżem,Czerwony jak cegła,1985,eZtRqHildg8,PL
Aya RL,Unikaj zdjęć,1985,_wjhgjG4_mg,PL
Shakin' Dudi,Au sza la la la,1985,VkHa459CBMo,PL
Daab,Ogrodu serce,1985,_IVYWNZ2frg,PL
Kombi,Nasze rendez-vous,1985,XVdr4w4xttg,PL
Papa Dance,Naj story,1986,M7PZ9lwqK8Q,PL
Obywatel G.C.,Paryż-Moskwa,1986,JI9P7RsVn3M,PL
Zdzisława Sośnicka,Aleja gwiazd,1986,Ziqujo1O7rw,PL
Halina Frąckowiak,Papierowy księżyc,1986,rlkzBab-wjA,PL
Kult,Do Ani,1986,VNAmqtRmp28,PL
Republika,Moja krew,1986,xsSMJfxIZqg,PL
Bajm,Płynie w nas gorąca krew,1986,34bjy2fEOJo,PL
Hanna Banaszak,Pogoda ducha,1986,JuNmgSVMuRE,PL
Sztywny Pal Azji,"Wieża radości, wieża samotności",1987,8igBzhNflNg,PL
Tilt,"Mówię ci, że",1987,_kmYJXd2d5s,PL
Kult,Polska,1987,x3kicEsx7g0,PL
Róże Europy,Stańcie przed lustrami,1987,-LP6E_wcyx4,PL
Obywatel G.C.,Nie pytaj o Polskę,1988,cSjk6phf3iY,PL
Kult,Arahja,1988,_vw2K0AgFF0,PL
Papa Dance,Nasz ostatni raz,1988,IFV7T8gey3I,PL
Lady Pank,To co mam,1988,F4qdgGxdfKg,PL
Lady Pank,Zostawcie Titanica,1988,wEEEknecLA4,PL
Formacja Nieżywych Schabuff,Swobodny Dżordż,1988,wbwHxxMtMmA,PL
Chłopcy z Placu Broni,Aeroplan,1988,gSoLY5OpjNs,PL
Papa Dance,Nasz Disneyland,1988,TYU4-VfMfVo,PL
Andrzej Zaucha,Byłaś serca biciem,1988,SNn5ZuWS8JQ,PL
De Mono,Kochać inaczej,1989,PElie5a5q_Y,PL
Chłopcy z Placu Broni,Kocham wolność,1989,nYMiNuJJyYM,PL
Chłopcy z Placu Broni,Kocham cię,1989,n7fXVp9YNQw,PL
Tilt,Jeszcze będzie przepięknie,1989,XsgQNfXaAHY,PL
Kobranocka,Kocham cię jak Irlandię,1989,5gSroh2XP-0,PL
Lady Pank,Zawsze tam gdzie ty,1990,fyoCXePXQF0,PL
Elektryczne Gitary,Włosy,1990,2_fxoL0DjyE,PL
T.Love,Warszawa,1990,59JGY-K0BeQ,PL
Kazimiera Utrata,Piosenka o okularnikach,1990,o4FW6OvgYc4,PL
Maanam,Się ściemnia,1990,_M350-1-I1M,PL
Kult,45-89,1990,9lKGyDpGZtw,PL
Dżem,List do M.,1991,KkhHF0qUsKE,PL
Bajm,Miłość i ja,1991,fdM4bmEynr0,PL
Wilki,Eroll,1991,MLVoulWIkSY,PL
Stanisław Soyka,Tolerancja (na miły Bóg),1991,FWZNF4F1r7Y,PL
Kult,Generał Ferreira (Rząd oficjalny),1991,aJA6PYQ1qyw,PL
IRA,Mój dom,1991,lHSdL520Ywo,PL
Kazik,Spalam się,1991,ErxGIj0I_c8,PL
Lady Pank,Jak igła,1991,xwTRWJBAHmg,PL
Formacja Nieżywych Schabuff,Hej kochanie,1991,cLUMTrNnTC4,PL
Ziyo,I Was Born to Be Free,1991,Bn1yfUSZAHg,PL
Wilki,Son of the Blue Sky,1992,bix1tb6rVeU,PL
Róże Europy,Jedwab,1992,G_Lsdk88AYM,PL
IRA,Nadzieja,1992,RglHb09IZVM,PL
Maanam,Wyjątkowo zimny maj,1992,3Skn4vxU9cA,PL
Budka Suflera,Twoje radio,1992,vhgVHIw1h_4,PL
Wilki,Eli lama sabachtani,1992,gOAaBEeUy_I,PL
T.Love,King,1992,0Fnp5tnZkJg,PL
Elektryczne Gitary,Jestem z miasta,1992,a_I94dWg0p0,PL
Elektryczne Gitary,Człowiek z liściem,1992,pt3g8HPwDSc,PL
Atrakcyjny Kazimierz,Prawdziwa miłość,1992,IyeobhFEnos,PL
De Mono,Ostatni pocałunek,1992,2o6hfmW1cII,PL
Hey,Teksański,1993,MISK-DCbNKk,PL
Bajm,Ta sama chwila,1993,RgunsXL9Lo0,PL
Edyta Bartosiewicz,Sen,1993,sVAZjaAJufE,PL
Grzegorz Turnau,Pamięć,1993,sXRcQvqaKHc,PL
Edyta Bartosiewicz,Koziorożec,1993,PNNRdZBYLpQ,PL
Hey,Moja i twoja nadzieja,1993,f5hooj3qKM4,PL
IRA,Wiara,1993,9RJvtwlg5ms,PL
Kult,Baranek,1993,DqBuIaa2-_s,PL
Piersi,"O, Hela",1993,TJJr68FbFXM,PL
De Mono,Znów jesteś ze mną,1993,NBQcZ2DCtWI,PL
Human,Polski,1993,ViLjJ7LV-AI,PL
Kazik,Na mojej ulicy,1993,46tcoHWSXZs,PL
Edyta Górniak,To nie ja,1994,vxMY3sdkGQc,PL
Varius Manx,Zanim zrozumiesz,1994,DxWKCvpoPYI,PL
Kasia Kowalska,Jak rzecz,1994,BgoVxG0PDEA,PL
Justyna Steczkowska,Dziewczyna Szamana,1994,eVapbhUdI34,PL
Kasia Kowalska,Wyznanie,1994,K5_hrdnzRkI,PL
Hey,Ja sowa,1994,hs4rh2LqRmI,PL
Edyta Bartosiewicz,Tatuaż,1994,6jd-azcJh3w,PL
Varius Manx,Piosenka księżycowa,1994,guJ25FxCwmY,PL
Formacja Nieżywych Schabuff,Lato,1995,eaHbjnXItXc,PL
Robert Chojnacki & Piasek,Prawie do nieba,1995,OtEK498hmsg,PL
Myslovitz,Z twarzą Marilyn Monroe,1995,E3fqn1aBZ5Q,PL
Robert Chojnacki & Piasek,Budzikom śmierć,1995,4ggVYsZoZiA,PL
O.N.A.,Drzwi,1995,DurZn_NcPIA,PL
Varius Manx,Pocałuj noc,1995,Xby1imQDs3E,PL
Robert Gawliński,O sobie samym,1995,kpTak7flT4A,PL
Liroy,Scyzoryk,1995,VB3GzmC_9rI,PL
Myslovitz,Myslovitz,1995,n9jfwp9w4zY,PL
Kasia Kowalska,A to co mam,1995,aWFtbV4HBBo,PL
Edyta Bartosiewicz,Szał,1995,UZwgnKfXMAs,PL
O.N.A.,Kiedy powiem sobie dość,1996,ghh0ttnRdiQ,PL
Varius Manx,Orła cień,1996,ZVF5x-YzUBY,PL
Big Cyc,Makumba,1996,EAexp0w3H3c,PL
Robert Chojnacki & Piasek,Niecierpliwi,1996,laUQy4DVxCA,PL
Anita Lipnicka,I wszystko się może zdarzyć,1996,3YxOZQqNYY8,PL
Urszula,Na sen,1996,lSO8lD3e2xU,PL
Kaliber 44,Plus i minus,1996,7iiANZvz8Tg,PL
Perfect,Kołysanka dla nieznajomej,1996,hHx7qyFufYc,PL
Urszula,Konik na biegunach,1996,8sPAIYQiEb4,PL
Firebirds,Harry,1996,rK3FfvcSGpM,PL
deSu,Życie cudem jest,1996,3LHBg5rgiI4,PL
Kayah,Supermenka,1997,JTpos657Am0,PL
Budka Suflera,Takie tango,1997,_4_p3FM88jA,PL
Elektryczne Gitary,Kiler,1997,OtA2dxJNHV4,PL
Górniak & Szcześniak,Dumka na dwa serca,1997,wcXAKhwsl6o,PL
T.Love,Chłopaki nie płaczą,1997,X0lkrxFuGr8,PL
Kayah,Na językach,1997,dJbaMhTQx9k,PL
Natalia Kukulska,"Im więcej ciebie, tym mniej",1997,tO54FnRTm3w,PL
Kazik,12 groszy,1997,UAaW1BUSPP8,PL
Anna Maria Jopek,Ale jestem,1997,KpBMYjnCLRU,PL
Elektryczne Gitary,Co ty tutaj robisz,1997,ZkdvU7nPM5Q,PL
Edyta Bartosiewicz,Jenny,1997,-jaSOrMCbu4,PL
Robert Janson & Kuba Badach,Małe szczęścia,1997,seNmmkB3PYI,PL
Norbi,Kobiety są gorące,1997,siBvdJlKn5U,PL
Maryla Rodowicz,Łatwopalni,1997,_Fu2NySfFlE,PL
Kult,Gdy nie ma dzieci,1998,I8NcELiIMHg,PL
Beata Kozidrak,Siedzę i myślę,1998,aHdePA4SUAE,PL
Urszula,Anioł wie...,1998,WRgIh_owHtE,PL
Republika,Mamona,1998,-R7qqsT6-T8,PL
Maanam,Miłość od pierwszego spojrzenia,1998,Sp_U6oDdsNk,PL
Reni Jusis,Zakręcona,1998,2NNs3pOf22E,PL
Kult,Komu bije dzwon,1998,lxKwFWJrkvE,PL
Lady Pank,Znowu pada deszcz,1998,qyoFl1ux2z8,PL
Artur Gadowski,Ona jest ze snu,1998,qOP8QiRmPsA,PL
T.Love,Stokrotka,1998,amKWPGHxfgo,PL
Sixteen,To takie proste,1998,CaRY2ewoOUc,PL
K.A.S.A.,Każdy lubi boogie,1998,oGdHcUBxPBA,PL
Anita Lipnicka,Historia jednej miłości,1998,GDweEiG4S5M,PL
Edyta Górniak,Anything,1998,TUwe75txZpU,PL
Kayah & Bregović,"Śpij kochanie, śpij",1999,8-02C_4VA44,PL
Myslovitz,Długość dźwięku samotności,1999,A30Fx3wnfwE,PL
Golec uOrkiestra,Lornetka,1999,8FH0RgEIZ1E,PL
Czarno-Czarni,Nogi,1999,gruPiZJHdVg,PL
Paweł Kukiz & Piersi,Całuj mnie,1999,bfPZn2FUuG0,PL
Kayah & Goran Bregović,Prawy do lewego,1999,cKF2GjRAUtE,PL
Ich Troje,A wszystko to... (bo ciebie kocham),1999,869mcrMEysE,PL
Gabriel Fleszar,Kroplą deszczu,1999,G4FluV0hFgc,PL
Kasia Kowalska,Chcę zatrzymać ten czas,1999,dAY9wboJa4Y,PL
Hey,4 pory,1999,al95pgKhubU,PL
Stachursky,Typ niepokorny,1999,CWMsGYOTnuU,PL
Justyna Steczkowska,Na koniec świata,1999,Rgr84BASi04,PL
Renata Przemyk,Nie spaceruję nago,1999,oK4Ve-gCgJY,PL
Mietek Szcześniak,Przytul mnie mocno,1999,1iuCzYbN0ng,PL
Brathanki,Czerwone korale,2000,SG8B4DT6ud8,PL
Golec uOrkiestra,Ściernisko,2000,yrJ_lzYGJdg,PL
Kayah,Jaka ja Kayah,2000,oquEGEO89dM,PL
Budka Suflera,Bal wszystkich świętych,2000,kE87oI5rdew,PL
Yugoton & Kazik,Malcziki,2000,iNxDj-i-yi8,PL
Myslovitz,Chłopcy,2000,hZg2fm-3vDI,PL
Golec uOrkiestra,Słodycze,2000,FWgDQILC91c,PL
Bajm,Szklanka wody,2000,Qa_0cuyy_A0,PL
Kasia Kowalska,Bezpowrotnie,2000,RYYHPg6Hvpo,PL
Kazik Staszewski,Cztery pokoje,2000,nNhrzGLdEVE,PL
Grammatik,Nie ma czasu pomyśleć,2000,8aBbVJrPQ90,PL
Ich Troje,Powiedz,2001,j0U4lrfzv6U,PL
Ryszard Rynkowski,Dziewczyny lubią brąz,2001,zoxlS08IKXQ,PL
Kasia Kowalska,Starczy słów,2001,tAw2vGpvs-w,PL
T.Love,Nie nie nie,2001,6_oPjyy6pMg,PL
Peja/Slums Attack,Na legalu,2001,GkIUC90mQbE,PL
Paktofonika,Jestem Bogiem,2001,u3HeJFr01T0,PL
Peja/Slums Attack,Głucha noc,2001,FqHVgPQh9oU,PL
Smolik,50 tysięcy 881,2001,RXrIPCyV8x0,PL
Hey,"Cisza, ja i czas",2001,n6HNquM4ZpM,PL
Lenny Valentino,Uwaga! Jedzie tramwaj,2001,egXxDSyRfTs,PL
Sylwia Wiśniewska,12 łez,2001,1QNP-joIvG0,PL
Wilki,Baśka,2002,SCIvOsw0O-M,PL
Łzy,Agnieszka już dawno...,2002,nK4zxU8XDtE,PL
Myslovitz,Acidland,2002,M7gjKUeb-lE,PL
Wilki,Urke,2002,8YKAHgwLEMg,PL
Pezet,Seniorita,2002,CG56BG4-Kao,PL
Sumptuastic,Kołysanka,2002,IphuXppT-5Y,PL
Blue Café,You May Be In Love,2002,cIzdLQxs7OE,PL
WWO,W wyjątkowych okolicznościach,2002,7ox2Dn4MEl0,PL
Cool Kids of Death,Uważaj,2002,XUdbXgfBM5E,PL
Kult,Brooklyńska Rada Żydów,2002,F8laMm-YyLY,PL
Virgin,To Ty,2002,hBOA0jJIgL0,PL
O.S.T.R.,Kochana Polsko,2002,lpRlEFZ85fY,PL
Anna Maria Jopek,Szepty i łzy,2002,WALPS8cY8Gg,PL
Jeden Osiem L,Jak zapomnieć,2003,qvv7t8Y0iWk,PL
Ewelina Flinta,Żałuję,2003,otSGO77yLv8,PL
Sistars,Synu,2003,xFfUsywOzvQ,PL
Sistars,Sutra,2003,kQ9ORnAWqfw,PL
Lipnicka & Porter,Bones of Love,2003,IfmrAqV0n5Q,PL
Ich Troje,Keine Grenzen / Żadnych granic,2003,tYGt9xT7mng,PL
Reni Jusis,Kiedyś cię znajdę,2003,CM07dzkhwxI,PL
Raz Dwa Trzy,Trudno nie wierzyć w nic,2003,QkDJ9u4GOhU,PL
Tede,Zeszyt rymów,2003,fjwHezturt0,PL
Blue Café,"Do nieba, do piekła",2003,wQvUOCbjsiY,PL
Kayah,Testosteron,2003,x9QKRpALphM,PL
Krzysztof Krawczyk & Edyta Bartosiewicz,Trudno tak,2004,kpUWMl0gLEQ,PL
Monika Brodka,Ten,2004,EGa7CMTtLbY,PL
Coma,Spadam,2004,JmKLT59cTIc,PL
Sidney Polak,Otwieram wino,2004,b16vSZMJ13k,PL
Happysad,Zanim pójdę,2004,W1jIuwYGIrU,PL
Virgin,Dżaga,2004,_7TtBGE9MiE,PL
Wilki,Bohema,2004,2NzeEQCJ4aM,PL
Lady Pank,Stacja Warszawa,2004,4DZGoeCJB_Y,PL
Kombii,Sen się spełni,2004,J07NbbY1li4,PL
Ania Dąbrowska,Tego chciałam,2004,2nprtClCpWY,PL
Brodka,Dziewczyna mojego chłopaka,2004,pd_pBQrobcY,PL
Virgin,Znak pokoju,2005,Ie2YHBKFXI4,PL
Mezo & Kasia Wilk,Ważne,2005,N2yRRgFUhxA,PL
Szymon Wydra & Carpe Diem,Życie jak poemat,2005,4uYFY7jdQGs,PL
Krzysztof Kiljański,Prócz ciebie nic,2005,xEGrNHGXPdY,PL
Lech Janerka,Rower,2005,R0jpIzJy2VY,PL
Beata Kozidrak,Teraz płynę,2005,Sq-udBd9iy0,PL
Maria Peszek,Moje miasto,2005,OXf86aqtRHs,PL
Hey,Mimo wszystko,2005,VpXQ9JCHzY0,PL
Coma,Leszek Żukowski,2005,B8yz5la6PG4,PL
WWO,Mogę wszystko,2005,BAPTKwucpwk,PL
Hurt,Załoga G,2005,8tpY2X2wWyQ,PL
Gosia Andrzejewicz,Pozwól żyć,2006,vZjAam9UOqE,PL
Blog 27,Uh La La La,2006,4R0uAhqmPyA,PL
Maria Peszek,Miasto mania,2006,OXf86aqtRHs,PL
Stępniak-Wilk & Turnau,Bombonierka,2006,0uuYicF9eUg,PL
Brodka,Miał być ślub,2006,ty3n87vbVe4,PL
Piotr Rubik,Psalm dla Ciebie,2006,9-zQr3ATnM8,PL
Mezo feat. Kasia Wilk,Sacrum,2006,iLafKDM-E9U,PL
Andrzej Piaseczny,...i jeszcze,2006,QTR9IBkdFDk,PL
Myslovitz,W deszczu maleńkich żółtych kwiatów,2006,3-kApwni9jo,PL
Sistars,Skąd Ty to masz,2006,kQ9ORnAWqfw,PL
The Car Is On Fire,Can't Cook (Who Cares?),2006,8RdLHbqb3D4,PL
Feel,A gdy jest już ciemno,2007,7vKpv-z1ut4,PL
Ewa Farna,Cicho,2007,IvsqIr0_cCQ,PL
Ania Dąbrowska,Trudno mi się przyznać,2007,TeXNBKzBISg,PL
Strachy na Lachy,Piła tango,2007,nFBBD1Eim1E,PL
Goya,Tylko mnie kochaj,2007,oBQiZMoBlhI,PL
Feel,No pokaż na co cię stać,2007,C4IP98NDyO0,PL
Feel,W odpowiedzi na twój list,2007,v6BYuccEvZ0,PL
Ewa Farna,Lalalaj,2007,IntnqhlU3KU,PL
IRA,Londyn 08:15,2007,ZJLJylGgFBY,PL
Ewa Farna,Tam gdzie nie ma dróg,2007,JVuYG-qz0k0,PL
Natalia Kukulska,Sexi Flexi,2007,JNd3qk9-HkE,PL
Patrycja Markowska,Świat się pomylił,2007,S06eUO2eiGM,PL
Muchy,Miasto doznań,2007,YWgup2Ktnuw,PL
Kasia Cerekwicka,Siano,2007,LuLGTvpARmY,PL
Afromental,I've Got What You Need,2007,36LkPUS3VGs,PL
Feel,Jak anioła głos,2008,_d-bEM88LlM,PL
Sylwia Grzeszczak & Liber,Nowe szanse,2008,lQLqDiGBomY,PL
Czesław Śpiewa,Maszynka do świerkania,2008,qHqTTSjWBvg,PL
Flinta & Zagrobelny,Nie kłam że kochasz mnie,2008,rvAwap4asps,PL
Ania Dąbrowska,Nigdy więcej nie tańcz ze mną,2008,7IfKnSVPbS8,PL
Doda,Nie Daj Sie,2008,r6y1INYz7HE,PL
Edyta Górniak,To nie tak jak myślisz,2008,zN8T6E2XJhk,PL
Pectus,"To, co chciałbym Ci dać",2008,c3V2jo6TRGA,PL
Lao Che,Hydropiekłowstąpienie,2008,GbvjscxglfU,PL
Coma,Zero osiem wojna,2008,n07YSW3i74A,PL
Maria Peszek,Rosół,2008,fqhhBSXMUzE,PL
Video feat. Ania Wyszkoni,Soft,2008,gzaFiX7R_Fw,PL
Sokół feat. Pono,W aucie,2008,b6Gdg9hhOas,PL
Agnieszka Chylińska,Nie mogę Cię zapomnieć,2009,yOZ7Q_ixifY,PL
Mrozu,Miliony monet,2009,NHTTdk58z7g,PL
Afromental,Radio Song,2009,BzUet_Ge3DI,PL
Hey,Faza delta,2009,3YtjooV-9OQ,PL
T.Love,Gnijący świat,2009,4VeIWEN18P0,PL
Andrzej Piaseczny,"Chodź, przytul, przebacz",2009,kbkJq3NTWp4,PL
Muniek Staszczyk,Tina,2009,4lBivJifdx4,PL
Pectus,Życie na dystans,2009,O9xfHpjsSuY,PL
Kasia Kowalska,Maskarada,2009,3BChwYV64b8,PL
IRA,To co na zawsze,2009,nVoyzz9p_DY,PL
Volver,Chcę,2009,Z462uCetAHA,PL
Łukasz Zagrobelny,Jeszcze o nas,2009,n-qnpAj7sKQ,PL
Afro Kolektyw,Przepraszam,2009,SbNTM6op1NE,PL
Brodka,Granda,2010,D1CjdBPmIzg,PL
Acid Drinkers,Love Shack,2010,-6s9OQIvD80,PL
Ewa Farna,Ewakuacja,2010,crDL5Gcn0Rs,PL
Afromental,Rock&Rollin' Love,2010,WYQb77VIZ0Q,PL
GrubSon,Na szczycie,2010,6BnT_wkuMBA,PL
Andrzej Piaseczny,Śniadanie do łóżka,2010,gVUN-D09jls,PL
Prosto Mixtape,I żeby było normalnie,2010,jSzX6_wiXkI,PL
Zakopower,Boso,2011,csSefjNCXn0,PL
Sylwia Grzeszczak,Małe rzeczy,2011,87Q5PEjmrCU,PL
Luxtorpeda,Autystyczny,2011,-hqbkY1-iLQ,PL
Enej,Radio Hello,2011,4KoBxFSUseg,PL
Sylwia Grzeszczak,Sen o przyszłości,2011,2ZQS7INPDP4,PL
Ten Typ Mes,"Głupia, spięta dresiara",2011,--p4DGIrj8w,PL
Enej,Skrzydlate ręce,2012,n3Hv-1MWz2Y,PL
Donatan & Borixon,Nie lubimy robić,2012,WvKzyuL7ubQ,PL
Bednarek,Cisza,2012,_VJuiF9Kvx4,PL
Brodka,Varsovie,2012,m5CE1yPDxAs,PL
LemOn,Napraw,2012,9GQqF8Q7wQY,PL
Jula,Za każdym razem,2012,uxo4D3K4988,PL
Ewelina Lisowska,W stronę słońca,2012,UmUoiCUIT8E,PL
Enej,Tak smakuje życie,2012,QUaJF5faWBU,PL
Pezet,Ostatni track,2012,zLOkImXNrXQ,PL
Sobota,Przepraszam,2012,mLSyOuT4SGc,PL
Gruby Mielzky,"Silny jak nigdy, wkurwiony jak zwykle",2012,R5_PFWs5h8o,PL
Brodka,Dancing Shoes,2012,TrxmhbNKCXM,PL
Dawid Podsiadło,Trójkąty i kwadraty,2013,Wg4A_d9F7xk,PL
Piersi,Bałkanica,2013,Pqaxe5o2Apo,PL
Donatan & Cleo,My Słowianie,2013,rr1DSgjhRqE,PL
Mrozu,Jak nie my to kto,2013,FG1c7NeofXU,PL
Margaret,Thank You Very Much,2013,9mJUaOE6_ew,PL
Sylwia Grzeszczak,Księżniczka,2013,r_ADtyQqTSc,PL
Dawid Podsiadło,Nieznajomy,2013,g4UDeQTjMYk,PL
Honorata Skarbek,Nie powiem jak,2013,M93nWdvlSrc,PL
LemOn,Nice,2013,WderG_DxTvo,PL
Paluch,Bez strachu,2013,4pu-lKgm-dg,PL
donGURALesko,Mogliśmy wszystko,2013,SIJKTcrAMQc,PL
Artur Rojek,Syreny,2014,Zcf9Wu3sy3s,PL
Mrozu,Nic do stracenia,2014,ZuHakRzq5yE,PL
Natalia Przybysz,Miód,2014,9Nyff9wfd3U,PL
Grzegorz Hyży & Tabb,Na chwilę,2014,SCEaOF_I8oE,PL
Bednarek,Chwile jak te,2014,QSS_PZw_iek,PL
Ten Typ Mes,My,2014,W3Poz3ezIt0,PL
Sarsa,Naucz mnie,2015,05Qdu0jkihU,PL
Zbigniew Wodecki & Mitch & Mitch,Rzuć to wszystko co złe,2015,3qukBkM9kos,PL
Natalia Nykiel,Bądź duży,2015,H0h_EhCnDpI,PL
Taco Hemingway,6 zer,2015,TKO8zmF98nI,PL
Kamil Bednarek,Euforia,2015,djw7lCZMif0,PL
Enej,Kamień z napisem Love,2015,vBj5P71Mci4,PL
Sarsa,Zapomnij mi,2015,BDQszUTEcZU,PL
KęKę,Wyjebane,2015,zwS9DxTn5Hs,PL
Quebonafide,Voodoo,2015,zBvv4o0ctn0,PL
Gang Albanii,Albański raj,2015,fWs8HwDtddQ,PL
Dwa Sławy,A może by tak?,2015,1GJyEvvLobQ,PL
Dawid Podsiadło,W dobrą stronę,2016,5iB2C8D5ezE,PL
Sylwia Grzeszczak,Tamta dziewczyna,2016,M5UqFj-uk78,PL
Organek,Mississippi w ogniu,2016,brCzJ7ygLY8,PL
Agnieszka Chylińska,Królowa łez,2016,IrH_7r53EKY,PL
Taco Hemingway,Deszcz na betonie,2016,PCQs3vSJ6xA,PL
Sitek,Chcemy być wyżej,2016,Sh012WwYOKo,PL
Krzysztof Zalewski,Miłość miłość,2016,IEiRPInizgQ,PL
PRO8L3M,Ritz-Carlton,2016,bZ5Ncy7TqWA,PL
Bednarek,List,2016,RonC11o3oM4,PL
O.S.T.R.,Spowiedź,2016,kHJGrGc6TdI,PL
Paluch,Szaman,2016,x7BtclKr5Jg,PL
Natalia Nykiel,Error,2016,i4Y6-oB5DrQ,PL
Monika Lewczuk,Ty i Ja,2016,LfRmQZXH0ZU,PL
KęKę,Nigdy dość,2016,GyJrjh8vIFw,PL
Belmondo,Scrooge Ebenezer,2016,mDDKana4G48,PL
Rasmentalism feat. Taco Hemingway,Stu,2016,BdPXdgQ6lbY,PL
Popek x Matheo,Wodospady,2016,rrKSc6lHeC4,PL
Kortez,Dobry moment,2017,Ymkz0JE3AMY,PL
Ania Dąbrowska,Z Tobą nie umiem wygrać,2017,BkQJ0YtVEzM,PL
Quebonafide ft. ReTo,Half Dead,2017,NGr_496TmCg,PL
Quebonafide feat. Klaudia Szafrańska,Candy,2017,TJNmpHn6Vvk,PL
Grzegorz Hyży,O pani!,2017,3ssoWhPH2eI,PL
Lanberry,Gotowi na wszystko,2017,rGZaFEyOy5s,PL
Kayah & Idan Raichel,Po co,2017,IELSg25_6Rg,PL
Otsochodzi feat. Taco Hemingway,Nowy Kolor,2017,ZSPdldxe8W0,PL
Mrozu,Duch,2017,QHzql1QTCjU,PL
Paweł Domagała,Weź nie pytaj,2018,iAc6Qr_sAXw,PL
Dawid Podsiadło,Małomiasteczkowy,2018,X2XWBcd5jn0,PL
Męskie Granie Orkiestra,Początek,2018,QRxH-II0OsA,PL
Taconafide,Tamagotchi,2018,odWxQ5eEnfE,PL
Tymek feat. Big Scythe,Język ciała,2018,pImrABc4s58,PL
White 2115,California,2018,1WBFpkEBnN4,PL
Kortez,Hej wy,2018,3BnfiJnHXvk,PL
Margaret,Byle jak,2018,TRBCWWtysFU,PL
C-Bool,Wonderland,2018,garZAbhqOWI,PL
Cleo,Łowcy gwiazd,2018,xBB1GLK1xPc,PL
Szpaku,UFO,2018,JI1_vCYQSJQ,PL
Roksana Węgiel,Anyone I Want To Be,2018,y_SYZrqvKhE,PL
Bedoes & Kubi Producent,Eldorado,2018,Od6Y--1jrKY,PL
Taco Hemingway,Fiji,2018,lk70ee3UMAc,PL
Gromee feat. Lukas Meijer,Light Me Up,2018,hQLmYaSCDYw,PL
Filip Lato,Halo Ziemia,2018,hQomIymLDSQ,PL
Rogal DDL,Turborower,2018,YgJmQC938ps,PL
Dawid Podsiadło,Trofea,2019,MWzb9nXsx3s,PL
Viki Gabor,Superhero,2019,okG6yNKaS1g,PL
Król,Te smaki i zapachy,2019,eCbY5Rkrs4Y,PL
Taco Hemingway,"Pocztówka z WWA, Lato '19",2019,G7tkvqB0eKA,PL
The Dumplings,Bez Słów,2019,N-vYyTuzIOo,PL
Męskie Granie Orkiestra,Sobie i Wam,2019,mzAb3m0a2Sk,PL
Organek,Niemiłość,2019,rOgYWmi-Gco,PL
Ronnie Ferrari,Ona By Tak Chciała,2019,LCcIx6bCcr8,PL
Cleo,Za krokiem krok,2019,_FXw7mHINVw,PL
Daria Zawiałow,Hej hej!,2019,_xR2BymJj6U,PL
Golec uOrkiestra & Gromee feat. Bedoes,Górą ty,2019,fPFp97kyDoE,PL
Bedoes & Kubi Producent,Chłopaki nie płaczą,2019,wakbJpklQtI,PL
Tymek feat. Tede & Trill Pem,Rainman,2019,VFDAwVB6u54,PL
Daj To Głośniej,Mama ostrzegała,2019,D0o6GsYoMak,PL
Malik Montana feat. K Koke,Robię Yeah,2019,u9sz3_Avmlo,PL
schafter,hot coffee,2019,T0NZsM6XA88,PL
Kali,Chudy chłopak,2019,hWWCsKUqKCs,PL
Marcin Sójka,Zaskakuj mnie,2019,xAbAAsyvfns,PL
chillwagon,chillwagon,2019,zCO-P29ttj0,PL
Jan-rapowanie,Wszystko OK,2019,GUYPbvQbRcU,PL
Sanah,Szampan,2020,S7sN-cFhwuk,PL
Mata,100 dni do matury,2020,Nujx2QXmYyU,PL
Krzysztof Zalewski,Annuszka,2020,kH-b7BdfbYA,PL
Quebonafide ft. Daria Zawiałow,BUBBLETEA,2020,IFAF3NYM_KI,PL
Taco Hemingway,Polskie Tango,2020,i84L16VL6c8,PL
Sanah,Melodia,2020,pxikqLzKZDY,PL
Sobel,Impreza,2020,Sug433bP-mw,PL
Mata,Patointeligencja,2020,wTAibxp37vE,PL
Męskie Granie Orkiestra 2020,Świt,2020,sMIMn9_nFpo,PL
Sanah,No sory,2020,43Gs5Jvfx4w,PL
Baranovski,Lubię być z nią,2020,LySEJG2u_bM,PL
Sanah & Vito Bambino,Ale jazz!,2021,hHb3owr6PQg,PL
Męskie Granie Orkiestra,"I Ciebie też, bardzo",2021,ZTYSAl9Npqw,PL
Sobel,Fiołkowe pole,2021,1rTV7DCnF3Y,PL
Dawid Kwiatkowski,Bez ciebie,2021,r6ajqhkRSqc,PL
Daria Zawiałow & Dawid Podsiadło,Za krótki sen,2021,xagIRaOFfS0,PL
Mata,Kiss Cam (podryw roku),2021,z9HsSzoRT1Y,PL
Mata,Patoreakcja,2021,t4O1LLk6qlY,PL
Kizo,Disney,2021,_29dLT6OMTU,PL
Sanah,ten Stan,2021,lthffObMcw0,PL
Mata,Szmata,2021,3uxH9OfGYRI,PL
Mata ft. Malik Montana,Papuga,2021,QjWxUfTTMu4,PL
Sobel ft. sanah,"Cześć, jak się masz?",2021,DnePdjIA0wk,PL
Dawid Kwiatkowski,Proste,2021,s7lpTdRMPn4,PL
Sanah,Nic dwa razy,2022,rR001X7JQy8,PL
Dawid Podsiadło,To co masz Ty,2022,zfL1I7WpEdk,PL
SB Maffija,Lawenda,2022,Qsqp34TbskQ,PL
Agnieszka Chylińska,Kiedyś do ciebie wrócę,2022,7csU7tLYm5s,PL
Sanah & Dawid Podsiadło,Ostatnia nadzieja,2022,5Iwy_xeJi7c,PL
Pezet,Dom Nad Wodą,2022,vAxJ6J-bk0U,PL
Sanah ft. Daria Zawiałow,Eldorado,2022,nN2eZos7HN0,PL
Sanah ft. Kwiat Jabłoni,Szary świat,2022,hgoSlepPeq8,PL
B.R.O,Jeszcze będzie pięknie,2022,1D-H_7W6pZs,PL
Mrozu ft. Vito Bambino,Za daleko,2022,wOBByEBgGFU,PL
Igo,Helena,2022,jhejT9B39zg,PL
Zalia ft. Przyłu,bezsensownie,2022,nPrv3qC9TUA,PL
bryska,odbicie (Mark Neve Remix),2022,0fYO_PbCXX4,PL
Daria,Paranoia,2022,1Ree9a-ehOk,PL
Doda,Nim zajdzie słońce,2023,uNVBBXa6CB8,PL
Mrozu,Złoto,2023,mr4_R3qrKEc,PL
Kwiat Jabłoni,Od niechcenia,2023,HMIbm_l0nMg,PL
Kizo ft. Bletka,Taxi,2023,gtdjggvaqsg,PL
Zeamsone,5 INFLUENCEREK,2023,OEPI8I-Zjz4,PL
club2020,Malibu Barbie,2023,qundeyQtsQU,PL
Dawid Podsiadło,mori,2023,2DiP0mMeaT8,PL
Cyrko,Prywatny bal,2023,ErVSGS9m22o,PL
"2115 (Bedoes, White)",DRESSCODE,2023,AYRRolY_pek,PL
Kuban ft. Favst,na okrągło,2023,DIgIjGDtmdg,PL
Męskie Granie Orkiestra 2023,Supermoce,2023,pKqVj-ermPY,PL
L.U.C. & Rebel Babel,Jesień – Tańcuj,2023,amHCTTvWP4o,PL
Bambi & Young Leosia,BFF,2024,U_FirAt6UKg,PL
Męskie Granie Orkiestra,Wolne Duchy,2024,v587yNSTPTo,PL
Sanah,"Było, nie było",2024,fil7T3YMaqs,PL
Kubi Producent & Bambi,Woda Księżycowa,2024,syLU0zUREf4,PL
Gibbs,Drive,2024,y7FBy4eIxig,PL
Mata,Lloret de Mar,2024,6mB-EH98PiA,PL
Kleks & Sobel & sanah,Wynalazek Filipa Golarza,2024,ekdeHlPuwJU,PL
Dawid Podsiadło,Pięknie płyniesz,2024,RGSwRQejzVY,PL
Modelki,Chyba że z Tobą,2024,oKa9tnfZwP0,PL
Szpaku,Plaster,2024,1jqkDDh0v6o,PL
Kizo ft. Bletka,HERO,2024,SNWjSfwW8kg,PL
"Jonatan ft. Bletka, Gibbs",Róż,2024,mq5g5sLCJRI,PL
Daria Zawiałow,Złamane serce jest OK,2024,LnNTD1BBe88,PL
Sylwia Grzeszczak,Motyle,2024,kuCYJiGM6qg,PL
"Sobel ft. francis, Deemz",KOCHASZ?,2024,evkC9LiR2sQ,PL
MIÜ ft. Zalia,dopóki się nie znüdzisz,2025,jn6ZnlgfnO4,PL
Mata ft. Skolim & Khaid,KAMIKAZE,2025,gBtbTl8r18U,PL
Kuqe 2115 & francis,taki mały ja,2025,4IwqHYcYEQA,PL
